Kalimat,Formalitas
lagipula ada apa yg penting disini,0
lagipula hal penting apa yang ada di sini,1
intinya dari wangsit itu bagian gw yg paling tinggi bayarannya,0
intinya adalah dari buku wangsit itu jumlah yang aku bayar berjumlah paling tinggi,1
ah kau kimia saya mat dan saya lagi komsel,0
Ah kamu kimia saya matematika dan saya sedang komsel,1
yg bisa diionisasi cuma aq kan,0
apakah yang bisa terionisasi hanya fase larutan,1
michelle punya temen saling lempar tugas enak gk,0
michelle apakah memiliki teman yang saling melempar tugas itu enak,1
lu tinggal ksh tau mana aja yg lu kerjain jason,0
kamu hanya tinggal memberi tahu bagian mana saja yang kamu kerjakan jason,1
nomor mgmp keluar yg kl gslh,0
nomor MGMP keluar ya kalau tidak salah,1
jelasin scr singkat fpi sm dayak d kalimantan ad ap,0
jelaskan secara singkat ada apa antara FPI dengan suku dayak di kalimantan,1
jd kl ada org fpi dateng ya dirusuhin,0
jadi jika ada orang FPI yang datang maka akan dihalangi,1
kan mrk msh kepercayaannya native bgt msh kuat sama budaya asli ,0
Karena mereka masih menganut agama kepercayaan dan masih kuat sekali berpegang pada budaya asli,1
kl lu tanya mereka agama apa pasti jawabnya ga jauh dr agama asli dayak lupa apa namanya tp msh byk yg anut,0
jika kamu bertanya apa agama mereka pasti jawabannya tidak jauh dari agama asli Dayak saya lupa apa namanya tapi penganutnya masih banyak,1
blok barat blok timur beda ideologi y,0
blok barat dan blok timur memiliki ideologi yang berbeda ya,1
iy tp ga perang frontal,0
iya tapi tidak berperang secara frontal,1
negara komunis kan tinggal tiga di dunia,0
hanya tersisa tiga negara komunis di dunia,1
jd ud gk kepake ideologi komunis,0
jadi ideologi komunis sudah tidak terpakai,1
aneh y gw nanya gnian,0
apakah aneh saya bertanya seperti ini,1
smpe skrg msh gertakan ga,0
apakah sampai sekarang masih saling menggertak,1
gertaknya ya via teknologi nuklir dan dominasi pasar dan saham dunia,0
gertakannya dilakukan melalui teknologi nuklir serta dominasi pasar dan saham dunia,1
timur sama barat kl mau tau mana belah dua atlas lu dari turki,0
jika kamu mau mengetahui dimana blok timur dan barat bagi dua atlas milikmu dimulai dari turki,1
kekanan itu blok timur kekiri blok barat,0
di sebelah kanan adalah blok timur sedangkan di sebelah kiri adalah blok barat,1
gua dikuliahin piramida ekologi mau mati cuk,0
saya dikuliahi piramida ekologi ingin meninggal,1
warna cmyk d mata rgb gmn,0
bagaimana warna CMYK di mata RGB,1
warna cmyk di mata rgb abu ke putih,0
warna CMYK di mata RGB adalah abu-abu menuju putih,1
kt nico kls u pm bio ud skl,0
menurut nico kelasmu PM biologi sudah satu kali,1
bsk gw ke rmh lu ya,0
besok saya ke rumahmu ya,1
gw gk bs reaksi basa,0
saya tidak bisa reaksi basa,1
maju jd tumbal papan tulis,0
maju menjadi tumbal papan tulis,1
kls gw wkt itu br msk sel volta,0
kelas saya waktu itu baru sampai sel volta,1
anda lelah sudah menjadi alasan yg kuno jason,0
Kelelahan anda sudah menjadi alasan yang kuno jason,1
kan tampang lu selalu lelah,0
karena tampang anda selalu lelah,1
gua mau tidur dengan layak dan puas dan tidak terganggu,0
saya mau tidur dengan layak puas dan tidak terganggu,1
yaudah tidur aja dari skrg,0
ya sudah tidurlah dari sekarang,1
sabar lg tulis artikel medis,0
sabarlah saya sedang menulis artikel medis,1
kl bs gw jg mau tidur,0
jika bisa saya juga mau tidur,1
nulis biar apa dan buat siapa,0
menulis supaya apa dan untuk siapa,1
demi mamah sugi,0
demi ibu sugi,1
kwkwkw bantu sebisa lu lah,0
hahaha bantu sebisamu saja,1
jadwal mepet bgt dia makanya gw jg ga enak minta tagih nilai ul apalagi ga bikin tugas,0
jadwalnya sangat sempit sehingga saya juga tidak enak menagih nilai ulangan apalagi tidak membuat tugas,1
jd hr ini doi ga masuk,0
maka hari ini dia tidak masuk,1
tpi dia juga seneng klo kita remed,0
tapi dia juga senang jika kita remedial,1
katanya mau nanya michelle apa,0
apa yang mau kamu tanyakan kepada michelle,1
buku tulis kami ditilep lgi,0
buku tulis kami dicuri lagi,1
itu dlm prakteknya dipake buat apa,0
dalam prakteknya untuk apa itu digunakan,1
yg biasa yg kt pake,0
yang biasa kita pakai,1
jgn bilang latihan redoks dr buku bailmu,0
jangan bilang latihan redoks dari buku bailmu,1
byk soal salah menurut gue,0
menurut saya banyak soal yang salah,1
dia ga selesai jawabnya jir,0
dia tidak selesai menjawabnya,1
klo mw minta jwbn gw ada sebagian ad bbrp kasus gua ga ngerti dan ga dikasi nanya lg sm busugi,0
jika mau meminta jawaban saya ada sebagian ada beberapa kasus saya tidak mengerti dan tidak diberi kesempatan bertanya lagi oleh ibu sugi,1
nnt malem mungkin hamba mintanya,0
saya mungkin meminta nanti malam,1
michelle mau cocokin jawaban sebelum gw ketiduran,0
michelle mau mencocokkan jawaban sebelum saya tertidur,1
 mata gw udah di perbatasan,0
mata saya sudah di ambang batas,1
jgn terlalu pede sm jawabanmu nak,0
jangan terlalu percaya diri dengan jawabanmu nak,1
hehehe nasihat dr org yg meragukan segalanya,0
hahaha nasihat dari orang yang meragukan segalanya,1
oke michelle gw congkel mata lu ya,0
oke michelle saya congkel matamu ya,1
masa transisi itu masa kekuasaan dipindahin,0
masa transisi merupakan masa perpindahan kekuasaan,1
tuh kan firasat gw bener,0
nah firasatku benar,1
pasti ada aja yg salah,0
pasti ada yang salah,1
ada ulangan ada praktek ada remed,0
ada ulangan praktek dan remedial,1
sementara syarat remed blm di kerjakan,0
sementara syarat remedial belum dikerjakan,1
michelle bawa ulangan fisika yg pertama dong,0
michelle tolong bawa ulangan fisika yang pertama,1
kerjakan soal ulangan dgn benar,0
kerjakanlah soal ulangan dengan benar,1
kertas ul nya di kumpul,0
kertas ulangan tersebut dikumpulkan,1
smpe skrg ga balik lg,0
sampai sekarang belum kembali lagi,1
apa udh balik tp gw lupa,0
mungkin sudah kembali tetapi saya lupa,1
udhlah bsk gw terjun dari lantai dua,0
ya sudah besok saya terjun dari lantai dua,1
yg masuk ui arwah gw aja,0
yang masuk UI cukup arwah saya saja,1
yg msk kuliah badan gw aja,0
yang masuk kuliah cukup tubuh saya saja,1
arwah nunggu di pintu surga,0
arwah saya menunggu di pintu surga,1
heh jgn dl tgs kalian blm slsai di dunia,0
jangan dulu karena tugas kalian belum selesai di dunia,1
jujur gua sendiri gapaham sm pertanyaannya,0
sejujurnya saya sendiri tidak paham dengan pertanyaannya,1
eh gw ragu yg metode biloks yg mana,0
saya ragu yang mana yang merupakan metode biloks,1
trus yg satu lgi apa namanya,0
lalu apa nama satu hal lainnya,1
hal basic lupa hal ribet hapal,0
hal mendasar dia lupa sedangkan hal rumit dia ingat,1
lu pd tau kasus bayi debora ga,0
apakah kalian mengetahui kasus bayi debora,1
krn ga ada uang dp,0
karena tidak ada uang muka,1
dibiarinin aja sama staf rmh sakit,0
dibiarkan begitu saja oleh pegawai rumah sakit,1
kyk enteng bgt gt buat dia,0
seperti sangat mudah untuknya,1
cuma rs itu yg dkt rmh mrk,0
hanya rumah sakit itu yang dekat dengan rumah mereka,1
ga tahan sm pajak kertas,0
tidak tahan dengan pajak kertas,1
kita kn ad pabrik kertas,0
padahal kita memiliki pabrik kertas,1
ada tp kan kertas jg kena bea,0
ada tetapi kertas juga dikenai bea,1
berapa puluh perak per lembar,0
sekian puluh perak per lembar,1
lah kl cetakan buku sebejibun kyk buku dia,0
bagaimana kalau yang dicetak adalah buku sebanyak bukunya,1
pdhl dy ud ckup berlimpah luh,0
padahal dia sudah berkecukupan,1
apalagi novel kertas daur ulang,0
apalagi novel dari kertas daur ulang,1
mksd gw dy itu g kekurangn,0
maksud saya dia tidak berkekurangan,1
lebi mahal kan kt teknologi daur ulang ga maksimal,0
lebih mahal karena teknologi daur ulang kita tidak maksimal,1
diluar sana justru semua yg bs d recycle digalakin harus recycle,0
diluar sana justru semua yang bisa didaur ulang digalakkan harus didaur ulang,1
tp mrk bkin plstik tipis yg ktny ramah lingkungn,0
tapi mereka membuat plastik tipis yang menurut mereka ramah lingkungan,1
di swedia tong sampah itu mesin terminal daur ulang ,0
di swedia tong sampah adalah mesin terminal daur ulang,1
jd lu buang lgsg dicuci didaur disitu ,0
jadi ketika kamu buang akan langsung dicuci dan didaur di situ,1
dan kl lu buang sampah plastik ke mesin itu lu dibayar ,0
dan jika kamu membuang sampah plastik ke mesin itu kamu dibayar,1
masukin sampah dapet duit,0
masukkan sampah dan dapatkan uang,1
makanan jg kl bungkus plastik plastiknya campuran dr bahan dasar kertas minyak,0
makanan pun jika bungkusnya plastik maka plastiknya berupa campuran dari kertas minyak,1
jd kedaur gampang tp ttp gk sobek,0
jadi mudah terdaur ulang tapi tetap tidak sobek,1
eh gw baru denger nih berita bayi debora,0
saya baru mendengar berita mengenai bayi debora,1
minta di tuntut rmh sakitnya,0
rumah sakit itu minta dituntut,1
emg dokter skrg bener bgt stigmanya,0
memang dokter sekarang memiliki stigma yang sangat benar,1
dokter cuma duit doang ngincernya,0
dokter hanya mengincar uang,1
makanya gw ud blg kan,0
makanya sudah kukatakan sebelumnya,1
rumah sakit jd dagang nyawa,0
rumah sakit menjadi tempat berdagang nyawa,1
bangkrut sudah itu rmh sakit,0
bangkrutlah rumah sakit itu,1
mnrt lu knp bs gt,0
kenapa menurutmu bisa begitu,1
gw ga merasa binus bs salah atau lupa,0
saya tidak merasa binus bisa melakukan kesalahan atau lupa,1
derry kunci gw lu taruh mana kali ini,0
derry di mana kamu letakkan kunci saya kali ini,1
eh kalian harus gua sidang hr snen ehehehehe,0
kalian harus saya sidang hari senin hahahaha,1
gw aja gk liat lu bawa kuncu,0
saya bahkan tidak melihat kamu membawa kunci,1
hari ini gw ga bawa kunci,0
hari ini saya tidak membawa kunci,1
gw yg gk liat lu bawa kunci,0
saya yang tidak melihat kamu membawa kunci,1
jd kita terus aja ulnya d lanjutin gaada review bab lg,0
jadi kami meneruskan ulangannya tanpa peninjauan ulang lagi,1
gila ya bab ini si banyak luh,0
gila bab ini banyak sekali,1
tapi entah kenapa gua fine ja,0
tapi entah kenapa saya baik baik saja,1
masuk akal semua jadi cepat diterima otak,0
semuanya masuk akal sehingga cepat dimengerti,1
awalnya gua takut banget wkwkwk,0
awalnya saya takut sekali hahaha,1
ga kyk si bab awal itu,0
tidak seperti bab pertama,1
ngurus kenapa biji gua nolak jadi taoge aja bisa seharian,0
mengurus biji tanamanku yang tidak mau tumbuh menjadi taoge saja habis seharian,1
yang ada berjenis jenis itu jason,0
yang ada banyak jenisnya itu jason,1
jujur menurut gua materi genetik sdkt susah,0
sejujurnya menurut saya materi genetik sedikit sulit,1
oiya laporan lu brp kertas,0
oh ya laporan kamu menghabiskan berapa kertas,1
apa aja jir yg bikin panjang,0
apa saja yang membuatnya panjang,1
analisis sama kesimpulan kali ini gw hrs ganti format,0
untuk analisis dan kesimpulan kali ini saya harus mengganti formatnya,1
gw ga paham,0
saya tidak paham,1
jd kl nilai kita jebol guru ada stok buat nambel nilai,0
sehingga jika nilai kami menurun guru memiliki cadangan untuk memperbaiki nilai,1
angkatan kita seakan angkatan baik terakhir,0
angkatan kita sepertinya angkatan baik terakhir,1
gua liat anak kls kelabakan,0
saya melihat anak anak di kelas kerepotan,1
gabisa jawab harus ngulang lagi maju nya next time,0
jika tidak mampu menjawab maka harus mengulang kembali lain kali,1
pdhl kl digeber ga semua bisa,0
padahal walaupun dilakukan dengan intensif belum tentu semuanya mampu,1
cuma yg ulet doang yg bisa,0
hanya yang rajin yang mampu,1
sampe gw gk nangkep lu ngomong apa,0
sampai saya tidak memahami apa yang kamu katakan,1
lb tepatnya kls gw blm disitu,0
lebih tepatnya kelas saya belum di sana,1
jujur gw main logika doang disini,0
sejujurnya saya hanya menggunakan logika disini,1
brrt bener ya kamus gw,0
berarti kamu saya benar,1
emg gw baca kamus lu,0
memangnya saya membaca kamusmu,1
kalian pinjem buku apa tanpa seijin gua,0
buku apa yang kalian pinjam tanpa seizin saya,1
catetan ga match sama punya temen,0
catatan tidak cocok dengan milik teman,1
jangan pura ga berdosa klian,0
kalian jangan berpura pura tidak berdosa,1
ngaku ga fotocopy catatan apa,0
akuilah catatan apa yang difotokopi,1
gw pinjem buku catetan lu aja kaga jir,0
saya bahkan tidak meminjam catatan kamu,1
lu oknum yg mengambil buku gua,0
kamu oknum yang mengambil buku saya,1
maaf saya memveto pendapat anda,0
maaf saya menolak pendapat anda,1
karena gw tidak merasa gw melakukan itu,0
karena saya tidak merasa melakukan hal tersebut,1
kalo kalian itu pnjm cttn gua lalu d fc lalu d balikin tnpa sepengetahuan gua,0
bahwa kalian meminjam catatan saya lalu difotokopi lalu dikembalikan tanpa sepengetahuan saya,1
ho sptnya narasumber lu menyesatkan,0
sepertinya narasumbermu menyesatkan,1
karena gua atau derry ga perna nekat bongkar tas lu,0
karena saya atau derry tidak pernah nekat membongkar tasmu,1
jangan hancurkan kepercayaan gua ni,0
jangan hancurkan kepercayaan saya ini,1
yauda kalo pernyataan itu memang tidak benar,0
ya sudah jika pernyataan tersebut memang tidak benar,1
tp gw mau usut ini sampe akarnya,0
tapi saya mau mengusut ini hingga akarnya,1
lagipula tas w gaada uang kas lagi,0
lagipula tas saya sudah tidak menyimpan uang kas lagi,1
krn saya gedek thd konspirasi fitnah,0
karena saya sangat tidak suka terhadap konspirasi fitnah,1
cb apa yg dikatakan narasumber lu,0
coba katakan apa yang diberitahukan narasumbermu,1
jadi derry mengalihkan perhatian gua,0
jadi derry mengalihkan perhatian saya,1
lu ambl catatan gua ,0
kamu mengambil catatan saya,1
lu fc dibawah,0
kamu fotokopi dibawah,1
lu naik lagi balikin catatan gua,0
kamu naik lagi mengembalikan catatan saya,1
derry mengalihkan gua lg,0
derry mengalihkan saya lagi,1
lu tau it cat apa ga,0
apakah kamu tahu catatan apa itu,1
hotspot fc catetan biasanya bio,0
catatan yang sering difotokopi biasanya biologi,1
gua dialihin perhatian sm derry,0
perhatian saya dialihkan oleh derry,1
justru w mau nanya kebenarannya,0
justru saya mau menanyakan kebenarannya,1
kata narasumber gua,0
menurut narasumber saya,1
michelle gabakal kasi pnjm cttn ini,0
michelle tidak akan meminjamkan catatan ini,1
dan gua berfkir keras cat apa yg bkin kalian sekreatif itu,0
dan saya berpikir keras catatan apa yang membuat kalian sekreatif itu,1
oh yauda kalo ga perbuat mah,0
ya sudah jika tidak melakukan,1
mari kita gunakan fakta gua benci baca catetan,0
mari kita gabungkan fakta bahwa saya benci membaca catatan,1
kl mau fc harus nunggu,0
jika ingin fotokopi maka harus menunggu,1
lu tau catetan lu tebel,0
kamu tahu catatanmu tebal,1
dan mnrt narasumber lu gw yg ambil dan turun fc terus naik lagi,0
dan menurut narasumbermu saya orang yang mengambil dan turun memfotokopi lalu naik lagi,1
menurut lu itu berapa lama jir,0
menurutmu hal itu memerlukan berapa lama,1
iya awalnya ga masuk akal juga,0
ya awalnya hal itu juga tidak masuk akal,1
kl begitu gw hrs pasang mata pasang telinga di kls lu mulai skrg,0
jika demikian saya harus pasang mata pasang telinga di kelasmu mulai sekarang,1
w jg mkir gamgkn cttn gua d fc dlm wktu singkat,0
saya juga berpikir tidak mungkin catatan saya difotokopi dalam waktu singkat,1
jd senin sidang maksud lu ini,0
jadi ini yang kamu maksud dengan senin sidang,1
gw sibuk kayany senen jd gua sidang lu dadakan,0
saya sepertinya akan sibuk saat senin jadi saya sidang kamu mendadak,1
tp karena lu mikir dan ga dapet ide catetan apa yg raib lu nanya sekarang,0
tapi karena kamu berpikir dan tidak dapat menentukan catatan apa yang hilang kamu bertanya sekarang,1
kwkw begitu lain kali michelle kl ada yg mencurigakan menyangkut kita monggo wae tanya frontal,0
haha kalau begitu lain kali michelle jika ada yang mencurigakan menyangkut kami silakan tanya langsung,1
gw denger dr narasumber jumat,0
saya mendengar dari narasumber pada hari jumat,1
ha jd mnrt dia kami melakukan itu hari jumat,0
jadi menurut dia kami melakukan hal itu hari jumat,1
klian melakukan itu bbrp waktu lalu,0
kalian melakukan hal itu beberapa waktu lalu,1
tp dy g blg kapan,0
tapi dia tidak mengatakan kapan,1
kl dr bahasanya brrt kisaran minggu ini,0
jika dinilai dari bahasanya berarti sekitar minggu ini,1
dia blg iya jason sndr yg blg,0
dia bilang iya jason sendiri yang bilang,1
coba aja lu tny mrk ,0
tanyakan saja pada mereka,1
kan mrk tmn lu jga,0
bukankah mereka temanmu juga,1
kalimat itu yg bkin gua mkir bahwa itu bnrn trjd,0
kalimat itulah yang membuat saya berpikir bahwa hal itu sungguh terjadi,1
makanya gua mengesampingkan fakta yg gw punya,0
sehingga saya mengesampingkan fakta yang saya miliki,1
kl dia jujur brrt dia pernah ngomong ama gw,0
jika dia jujur berarti dia pernah berbicara dengan saya,1
kok lucu ya ini semua wkwkwkwk,0
lucu sekali semua ini hahahaha,1
tp di kls lu gw cuma nyari nicholas tempo hari,0
tapi di kelas kamu saya hanya mencari nicholas setiap hari,1
percayalah sm w kalo lu usut ini akan jd ribet,0
percayalah pada saya jika kamu mengusut hal ini akan menjadi rumit,1
jd jgn ngegas dn jgn membantah gua kali ini,0
jadi jangan terburu buru dan jangan membantah saya kali ini,1
akhirnya anda merasakan penderitaan kls kami,0
akhirnya anda merasakan penderitaan kelas kami,1
kan kalo ga d balikin blm tw nnt snen d balikin ga,0
karena jika tidak dikembalikan saya tidak tahu senin akan dikembalikan atau tidak,1
soalny dia cek latihan gitu,0
karena dia mengecek latihan,1
keknya ga bakal balik kl mepet,0
sepertinya tidak akan kembali jika tidak sempat,1
untung sblm w kmpul udh gua foto,0
untung sebelum saya kumpulkan sudah saya foto,1
hrsnya dia yg dpt nick anak kimia,0
harusnya dia yang mendapatkan panggilan anak kimia,1
tp ad bbrp soal gw tls di bku cttn dan itu ga gw foto hm,0
tapi ada beberapa soal saya tulis di buku catatan dan tidak saya foto,1
gua hr ni ga ke gereja tu,0
saya hari ini tidak ke gereja,1
pokony relasi yg dkt sm gua kalo nilainya ga meningkat mah bohong,0
intinya orang orang yang dekat dengan saya tidak mungkin jika nilainya tidak meningkat,1
zaman gw msh bisa kimia,0
masa saya masih bisa kimia,1
tp bu sugi pro,0
tapi ibu sugi ahli,1
hbs itu ditegor dulu sekelas baru dirayain,0
setelah itu satu kelas ditegur terlebih dahulu baru dirayakan,1
kan lu tau gw tuh susah kimia,0
kamu sudah tahu bahwa saya kesulitan dalam pelajaran kimia,1
tau sendiri susah kok lu mala maen ps kemaren,0
kamu tahu bahwa pelajaran itu susah tetapi mengapa kamu bermain kemarin,1
jadi anggepannya kita ngerjain semua soal latihan ya,0
Jadi kita mengajarkan semua soal latihan tersebut,1
jujur gw udh capek ngertiin bio,0
sejujurnya saya sudah lelah untuk memahami biologi,1
blm lagi itu laporan pertanyaannya gw kelupaan,0
terlebih lagi saya melupakan pertanyaan laporan tersebut,1
kyk lu lgi nolak permintaan bu sugi,0
seperti kamu sedang menolak permintaan ibu Sugi,1
setidaknya gw bisa bener angka depan,0
Setidaknya saya bisa benar pada angka bagian depan,1
kn gw nny bu guru,0
kan saya bertanya ibu guru,1
gmn bs makan analoginy spt ni,0
bagaimana bisa makan jika analoginya seperti ini,1
lu tau ga gua laper cuk,0
apakah kamu tahu bahwa saya laper,1
baru gw makan indomie soto sama nasi,0
saya baru saja makan indomie soto dengan nasi,1
bio gua udh kibar bendera putih,0
Saya sudah mengibarkan bendera putih untuk pelajaran Biologi,1
mat gua kibar bendera item,0
saya mengibarkan bendera hitam untuk pelajaran Matematika,1
gua tinggal itung kancing kalo gni caranya,0
Saya hanya tinggal menghitung kancing jika begini caranya,1
bisa dijitak mortal penggerus lu,0
kamu dapat dijitak dengan mortal penggerus,1
demi aapapun pas diajarin itu gua ga dikelas,0
Kita sedang diajarkan saya tidak berada di dalam kelas,1
gw di ajarin dan gw lgi cengo pas di ksh tau,0
saya diajarkan dan saya lagi bengong ketika diberitahukan ,1
depan gua masi buku bio,0
depan saya masih buku biologi,1
gw tau lu anak bio tpi bsk ada kimia juga,0
saya tahu anda anak biologi tetapi besok juga ada pelajaran kimia,1
sebelum gw bsk sengaja gk msk,0
Sebelum saya sengaja untuk tidak hadir besok,1
liat yg lebih kecil terus di puter,0
Lihatlah yang lebih kecil lalu diputar,1
yg hasilnya itu berarti sama,0
yang menghasilkan itu berarti sama,1
klo bener berarti beres itu,0
jika benar berarti sudah selesai,1
benci kali dia ama gua,0
sepertinya dia sangat membenci saya,1
gimana gua itung ph pake listrik,0
bagaimana saya menghitung pH menggunakan listrik,1
walaupun metodenya aga maksa tp gw dpt,0
meskipun metodenya terkesan memaksa tetapi saya mendapatkannya,1
kita ga diajarin ph penyepuhan susunan seri batere,0
kita tidak diajarkan pH penyepuhan dengan susunan seri baterai,1
lu suru gua bikin pake catetan orang,0
kamu menyuruh saya untuk membuat catatan dengan menggunakan catatan orang,1
kata kelas gua lu diajarin,0
menurut kelas saya kamu diajarkan ,1
jangan membabi buta deh cuk,0
kamu jangan membabi buta,1
mungkin ga full diajarinnya tp lmyn la,0
mungkin kamu tidak diajarkan secara keseluruhan tetapi cukup juga,1
dan dy ga blg bener apa salah,0
dan dia mengatakan apakah benar atau salah,1
dia cuma liat trus duduk lg,0
dia hanya melihat kemudian duduk kembali,1
laporan bio cara kerjanya apa aja,0
apa saja yang dikerjakan dalam laporan biologi,1
gw inget bu sugi ada jawabin itu di kertas,0
saya mengingat bahwa ibu sugi ada membuat jawabannya pada kertas tersebut,1
kertasnya gw selipin di buku cetak,0
saya menyelipkan kertas tersebut di dalam buku cetak,1
buku cetakny gw tinggal di sekola,0
saya meninggalkan buku cetak tersebut di sekolah,1
knp gua ga tenang,0
mengapa saya tidak tenang,1
mikirin bio melulu,0
memikirkan biologi secara terus menerus,1
malahan malemnya gua pantengin bio,0
Malah malam itu saya belajar biologi dengan intensif,1
kim gua jadiin anak tiri,0
saya menjadikan kimia sebagai anak tiri,1
tp justru si anak tiri ini yg lancar gw kerjain di ulangan,0
tetapi justru anak tiri ini yang lancar saya mengerjakannya pada ulangan,1
yg paling disayang justru bikin kita kecewa kadang,0
yang paling disayang justru membuat kita terkadang semakin kecewa,1
salah dmn cara bljr gw,0
dimana kesalahan dalam cara belajar saya,1
knpkita jd bljr materi sem dua,0
mengapa kita mempelajari materi semester dua,1
trs hbs itu dia blg pm berikutnya lanjut bahas soal yg dr laptop itu,0
kemudian dia mengatakan pendalaman materi selanjutnya akan membahas soal dari laptop tersebut,1
lu tau kan guru paling unpredict siapa,0
kamu tahu siapakah guru yang paling unpredict,1
mgkn hasil pengalaman sekian thn,0
mungkin hasil pengalaman sekian tahun,1
baca pola kelakuan anak semasa sma,0
membaca pola kelakuan seorang anak semasa SMA,1
msh perlu bantuan ga ni gambar,0
apakah gambar ini masih diperlukan bantuan,1
dia jadi butuh kepastian dari entah siapa,0
jadinya dia membutuhkan kepastian dari siapa,1
mungkin dari yg di suroboyo,0
mungkin yang dari surabaya,1
kalo butuh kepastian harus berani nanya,0
jika membutuhkan kepastian harus berani bertanya,1
ah kacau semua kl gw galau sebelum ujian mat,0
semua akan kacau jika saya galau sebelum ujian matematika,1
bu sugi kl mara serem ya,0
ibu sugi seram jika marah,1
baca buku utk belajar vs utk mengajar,0
baca buku untuk belajar vs untuk mengajar,1
menurut lu pada bagus yg mana,0
menurut kalian bagusan yang mana,1
gw separo teler tp gw liat muka doi ud kusut,0
saya sudah setengah mabuk tetapi saya melihat mukanya sudah kusut,1
gw maju gw uda panikan ,0
saya maju saya sudah panik,1
skenario terburuk gw salah buku,0
skenario terburuk adalah saya salah buku,1
ga urut jd ga kebaca sama dia,0
tidak urut sehingga dia tidak terbaca,1
disitulah gua tau gua salah jawab,0
disitulah saya tahu saya salah menjawab ,1
tp jujur si gw ga mikir liat penyepuhan ph ,0
tetapi jujur saya tidak terpikirkan untuk melihat penyepuhan pH,1
saya bikin di kertas,0
saya mengerjakannya di kertas,1
sumpa gua masi didepan telen ludah doang ,0
sumpah saya masih didepan menelan ludah,1
ga perna gua liat dia nendang murid keluar kelas,0
saya tidak pernah melihat dia menendang murid keluar dari kelas,1
trus pake acara nyinggung kelas lgi,0
terus menggunakan acara menyinggung kelas lagi,1
di kelas gua dia ga marah,0
di kelas saya dia tidak marah,1
cuma di paraf doang pny w,0
milik saya hanya diparaf saja,1
untungnya kita ngerjain secara murni,0
untung kita mengerjakannya secara murni,1
kok dia b aja d kls gua,0
mengapa dia biasa saja di kelas saya,1
nnt de liat hr dl,0
nanti lihat hari dulu,1
sampe ketika gw ga kerjain soal gampang dia ga terima,0
hingga ketika saya tidak mengerjakan soal gampang dia tidak menerimanya,1
mungkin kl dia nyemprot lu begitu reaksi lu berbeda,0
mungkin dia akan menyemprotkan kamu ketika reaksi kamu berbeda,1
gua jujur jason kalo gw gabs,0
saya jujur kepada jason jika saya tidak bisa,1
mungkin harus gw fc metode lu,0
mungkin saya harus fotokopi metode kamu,1
metode gua emg kek gt,0
metode saya memang seperti itu,1
org vri nyontek gue wkwk,0
vri menyontek dari saya,1
percayalah itu vri nyontek gw ,0
percayalah vri menyontek dari saya ,1
efek duet kim n bio,0
efek duet kimia dan biologi,1
org jd ga tau mau fokus ke siapa,0
orang menjadi tidak tahu ingin fokus kepada siapa,1
siapa yg dianak tiri kan,0
siapa yang dijadikan anak tiri,1
bknny gua kim mat bio wkwkwk,0
bukannya saya kimia matematika dan biologi hahaha,1
kenapa dr td siang otot perut gua kejang,0
kenapa sejak tadi siang otot perut saya kejang,1
mksdnya kl gw gerak yg pake otot perut macem bangun dr duduk tegakin badan atau angkat barang sakitnya masyatrinity,0
maksud saya jika saya melakukan gerakan yang menggunakan otot perut seperti bangun dari duduk atau menegakkan tubuh atau mengangkat benda rasanya sangat sakit,1
salah satu statement kontroversial gusdur,0
salah satu pernyataan gusdur yang dianggap kontroversial,1
itu pernyataannya klo gw gk salh,0
jika saya tidak salah itu pernyataannya,1
dulu dia mau bubarin mpr dpr,0
dulu dia ingin membubarkan mpr dpr,1
sampe akhirnya mpr sidang istimewa,0
hingga akhirnya mpr menggelar sidang istimewa,1
salah satu pernyataan nya yg kontroversial itu apa,0
apa salah satu pernyataan beliau yang kontroversial,1
lu mau apa lagi,0
apa lagi yang kamu mau,1
nanti kl ngeklik lagi gw tambahin aja disini,0
nanti jika ada hal baru lagi akan saya tambahkan disini,1
faktor mendorong dipercepatnya sidang isti mpr,0
faktor pendorong dipercepatnya sidang istimewa mpr,1
karena menyatakan mpr dpr bubar,0
karena menyatakan pembubaran mpr dpr,1
mempercepat pemilu setahun dan membekukan golkar,0
mempercepat pemilu dalam waktu setahun dan membekukan partai golkar,1
gusdur cuma bentar tp banyak kerjaan,0
gusdur hanya memerintah sebentar akan tetapi beliau sibuk,1
gw baru tau dia kontroversial jir,0
saya baru tahu bahwa dia kontroversial,1
gw tls aja yg dia dekrit kali ya,0
sepertinya saya tulis saja dekrit yang dia buat,1
trus faktor yg mendorong dipercepatnya sidang istimewa mpr ap,0
lalu faktor apa yang mendorong dipercepatnya sidang istimewa mpr,1
selain itu sumpah jabatannya dianggap ga sah karena dilakukan ga secara resmi,0
selain itu sumpah jabatannya dianggap tidak sah karena dilakukan secara tidak resmi,1
jd gua bahas yg ga resmi,0
jadi saya membahas yang tidak resmi,1
nah gua jga blm smpet nanya,0
saya juga belum sempat bertanya,1
ah gua salah bego bgt,0
kesalahan saya bodoh sekali,1
materi genetik gw bayar utang,0
materi genetik saya bayar hutang,1
sumpa gua bio kena kim kena,0
sumpah saya biologi kena kimia kena,1
yg ga perna gua harepin,0
yg tidak pernah saya harapkan,1
bersyukur sm apa yg lu punya skrg,0
hendaklah kamu bersyukur apa yg ada di tanganmu saat ini,1
karena lu ga tau nanti apa yg hilang dr lu,0
sebab engkau tidak tau apa yang akan hilang daripadamu di masa yang akan datang,1
siapa tau thn dpn gua jadi bego bio,0
mungkin tahun depan saya jadi bodoh di biologi,1
siapa tau juga thn dpn lu malah kepincut fis,0
mungkin juga tahun depan kamu tertarik fisika,1
sama kek gw benci bgt sm kimia,0
sama seperti saya benci sekali dengan kimia,1
malah jd suka sm kimia,0
malah jadi suka sama kimia,1
mulai dr bab brp si lu begitu,0
mulai dari bab berapa kamu begitu?,1
kt buta banget sm kim,0
kita sangat buta terhadap kimia,1
bego de gue,0
bodoh sekali saya,1
trs materi yg bikin lu mulai demen kim,0
lalu materi yang membuatkamu mulai menyukai kimia,1
materi yg bkin gua demen,0
materi yang membuat saya suka,1
gua ketampar kenyataan pas uh kim prrtama,0
saya tertampar kenyataan ketika ulangan kimia pertama,1
gua menekuni bab bab selanjutnya,0
saya menekuni bab bab selanjutnya,1
gua ketampar terus di tiap bab,0
saya terus tertampar di tiap bab,1
pesan moral jgn pernah mau susulan sama busugi,0
pesan moral jangan pernah mau ulangan susulan bersama ibu sugi,1
dia plg benci periksa ulangan gelombang dua,0
dia paling benci memeriksa ulangan gelombang dua,1
pesan moral kalo ulangan bujuk busugi cek dluan pny lu biar ga penasaran,0
pesan moral jika ulangan bujuk ibu sugi memeriksa milikmu terlebih dahulu supaya tidak penasaran,1
bbrp tuntutan perbaikan ekonomi yg harus segera dilakukan oleh pemerintahan habibie apa,0
apa saja beberapa tuntutat perbaikan ekonomi yang harus segera dilakukan oleh pemerintahan habibie,1
gua itu udah memperkirakan semuanya,0
saya sudah memperkirakan semuanya,1
kalo semuanya meleset dr perkiraan gua berarti ada invisible hand aja gitu,0
jika semuanya meleset dari perkiraan saya maka artinya ada intervensi tak terlihat,1
entah itu meleset jadi wow ato jadi adow,0
entah itu meleset menjadi lebih baik atau jadi lebih buruk,1
cuma itu yg berhub sama ekonomi,0
hanya itu yang berhubungan dengan ekonomi,1
iy yg eko doang di gambar itu,0
ya di gambar itu hanya mengenai ekonomi,1
bu sugi kan wkt it liat gw,0
ibu sugi melihat saya waktu itu,1
klo lu yg curhat cuma bisa pasang kuping doang,0
jika kamu yang bercerita saya hanya bisa jadi pendengar,1
trus busugi ga blg apa lg,0
lalu ibu sugi tidak mengatakan apa apa lagi,1
gk ush ngomomg gitu,0
tidak perlu berbicara begitu,1
dan entah kenapa semua pertanyaan bu sugi soal biologi satupun sampe saat ini blm ada yg bs gua jawab,0
dan entah kenapa semua pertanyaan ibu sugi mengenai biologi satupun belum ada yang bisa saya jawab,1
ah lu aja yg berasa kek gt,0
itu hanya perasaanmu saja,1
dia kesel kl lu bs jawab pertanyaan dia,0
dia akan merasa kesal jika lu bisa jawab pertanyaan dia,1
dia nanya gw soal cara kerja sabun,0
dia bertanya pada saya mengenai cara kerja sabun,1
cb michelle gmn mnrt lu jawaban yg benar,0
bagaimana jawaban yang benar menurut michelle,1
dia udh jelasin d kls gw,0
dia sudah menjelaskan di kelas saya,1
selalu ada cara doi menghubungkan bio ke kimia,0
dia selalu bisa menghubungkan biologi dan kimia,1
dia ga jelasin smpe detil gt,0
dia tidak menjelaskan secara mendetail,1
emg di kls lu dia blg apa,0
memang apa yang dia katakan di kelasmu,1
dia ga smpe berhub ke bio,0
dia tidak sampai berhubungan ke biologi,1
karna mungkin dia tau kelas gua tingkatannya ga sampe otak tingkatan kls lu,0
karena mungkin dia tahu bahwa kelas saya tidak sama tingkatannya dengan kelasmu,1
isi kelas lu yg pinter banyak,0
banyak orang pintar di kelasmu,1
pdhl di kls lu yg kenceng bionya byk,0
padahal di kelasmu banyak yang pintar biologi,1
kyknya pertanyaan bu sugi waktu itu gw bisa jwb,0
sepertinya pertanyaan ibu sugi waktu itu bisa saya jawab,1
alasan gagalnya habibi kembali mencalonkan diri sebage pres,0
alasan habibie gagal mencalonkan diri kembali sebagai presiden,1
knp air di ledeng bisa dingin padahal suhu ruangan panas,0
kenapa air ledeng bisa terasa dingin pada suhu ruangan yang panas,1
kan dia yg ga mau,0
padahal dia yang tidak mau,1
krisis moneter hampir terjadi di seluru asia tapi kondisi eko indo tidak knjung pulih,0
krisis moneter terjadi hampir di seluruh asia tetapi kondisi ekonomi indonesia tidak kunjung pulih,1
jawaban gw soal itu spekulasi full,0
jawaban saya waktu itu murni dugaan pribadi,1
indo kena krisis moneter luar dalem,0
indonesia terkena krisis moneter luar dalam,1
ada yg mau cari tau cairan apa yg bisa nyala kyk gini,0
ada yang mau mencari tahu cairan apa yang bisa menyala seperti ini,1
tp gw jg perna denger bubuk semacem glitter yg bahannya fosfor,0
tapi saya juga pernah mendengar bubuk sejenis glitter berbahan dasar fosfor,1
tapi kan harus tau kerja sama yg mana aja,0
tapi harus mengetahui kerja sama yang mana saja,1
mksdnya export import sama siapa,0
maksud saya ekspor impor dengan siapa,1
tp biasanya negara target mah gampang,0
tapi biasanya negara target itu mudah,1
gw takutnya gw yg disuruh dluan,0
saya takut saya yang diminta duluan,1
selama d kls gw gaad jason,0
selama di kelas saya tidak ada jason,1
gw bisa perang sama jason,0
saya bisa perang dengan jason,1
kwkwkw henry seru diajak debat,0
hahaha henry seru diajak debat,1
dia udh pake bahasa ekonomi itu,0
dia sudah pakai bahasa ekonomi,1
dia ngambil yg dia gk bisa,0
dia mengambil yang dia tidak bisa,1
masalahnya ipa ga ngasi ampun kl lu gbs,0
sayangnya ipa keras terhadap orang yang tidak bisa,1
kl kls lu dpt tugas yg sama,0
jika kelasmu mendapatkan tugas yang sama,1
bkn lu doang yg potong rambut,0
bukan hanya kamu yang memotong rambut,1
sejau mana kls lu diajarin,0
sejauh mana kelasmu diajarkan,1
eh lu kimia dapet presentasi apa,0
presentasi apa yang kamu dapatkan untuk kimia,1
gua jd ketua kelompok gebleg,0
saya menjadi ketua kelompok,1
yg bisa dikasi materi byk,0
yang bisa diberikan banyak materi,1
eh abis itu gw yg kena,0
sesudah itu saya yang kena,1
prediksi lu gua dipercayakan pegang bab apa,0
menurutmu bab apa yang akan dipercayakan kepada saya,1
kok keliatannya susah semua sihh,0
kenapa semua terlihat sulit,1
kwkwkw abis tu tabel periodik gol a,0
hahaha sesudah itu tabel periodik golongan a,1
ini lbh ngeri drpd ul,0
hal ini lebih mengerikan dibandingkan ulangan,1
ya misal kek td pm,0
semisal tadi pada saat pendalaman materi,1
it ada penerapannya air radiator sama kembang gula,0
hal tersebut diterapkan pada air radiator dan kembang gula,1
dr gambar itu aja dijelasin knp bs begitu,0
dari gambar tersebut saja harus dijelaskan kenapa bisa begitu,1
bgmn peran senyawa yg dibahas dlm materi,0
bagaimana peran senyawa yang dibahas dalam materi,1
tp jujur karena pm tadi gua jd geli sama kembang gula,0
tapi sejujurnya karena pendalaman materi tadi saya jadi geli dengan kembang gula,1
kembang gula itu byk d permen,0
kembang gula itu banyak terdapat pada permen,1
kwkwkw tp bkn maksudnya sisa pabrik sabun jadi makanan lgsg,0
hahaha tapi bukan berarti sisa pabrik sabun langsung dijadikan makanan,1
tp ttp aja judulnya turunan sabun,0
tapi tetap saja dia merupakan turunan sabun,1
karena td mama sugi bahas lagi fermentasi gula yg bekas gw praktek,0
karena tadi ibu sugi membahas lagi fermentasi gula yang saya praktekkan,1
kebetulan gw jg dendam sama percobaan itu,0
kebetulan saya ada dendam dengan percobaan tersebut,1
kebetulan lagi supervisor percobaan bio kel gw wkt itu ada bu suginya,0
kebetulan lagi pengawas percobaan biologi kelompok saya waktu itu salah satunya adalah ibu sugi,1
nanti tunggu lu dpt kelompok,0
tunggu kamu mendapat kelompok,1
untungnya per materi dia kasi pokok bahasan yg bs jd fokus,0
untungnya untuk setiap materi dia memberikan pokok bahasan yang bisa dijadikan fokus,1
iya ntar derry pokoknya yg pusing,0
ya nanti intinya derry yang pusing,1
dia gua ciduk atur slide,0
dia saya culik untuk mengatur slide,1
nah yg isinya plg byk org itu kelompok yg materinya paling susah,0
kelompok dengan anggota terbanyak adalah yang materinya paling sulit,1
gol b nanti ibu yg urusin,0
golongan b akan diurus oleh ibu,1
jadi gua harus baca apaa,0
jadi apa yang harus saya baca,1
ohiya gw paham mksd lu,0
oh ya saya paham maksudmu,1
dr yg dua pilin itu,0
dari dua pilin itu,1
asal keluar gk dipikir terlebih dahulu,0
keluar sembarangan tanpa dipikirkan terlebih dahulu,1
emg td gw blg knp malam ini,0
memangnya apa yang saya katakan mengenai malam ini,1
emg faedah banget gua baca esis kim kwkwlwkw,0
memang esis kimia itu sangat berguna,1
karena level lu uda segitu,0
karena levelmu sudah sampai sana,1
level gue apa jir kl lu atom,0
jika levelmu atom apa levelku,1
aku cukup puas disuruh maju terus di pm,0
aku cukup puas disuruh maju terus di pendalaman materi,1
rasanya gw pengen nyanyi lagu,0
rasanya aku ingin bernyanyi,1
kita liat retoriknya apakah terbukti,0
kita lihat apakah retoriknya terbukti,1
lebih tepatnya gw butuh nomor,0
lebih tepatnya saya butuh nomor,1
sebar perintah serata mungkin seefisien mungkin,0
sebarkan perintah serata mungkin dan seefisien mungkin,1
kt diciptakan utk jd kepala dan bkn ekor,0
kita diciptakan untuk menjadi kepala dan bukan ekor,1
sayangnya tipe org kyk jason mls jadi kepala,0
sayangnya tipe orang seperti jason malas jadi kepala,1
hadeh gua lg menjalankan duo karir,0
saya sedang mengerjakan tugas berdua,1
duo karir aja gua kesel gmn solo karir,0
jika berdua saja saya kesal bagaimana kalau sendiri,1
solo karir justru menurut gw da best,0
justru menurut saya bekerja sendiri adalah yang terbaik,1
semua variabel kerja lu yg atur,0
semua variabel kerja kamu atur sendiri,1
pgn gua marahin cuma cewe jd gbs d marahin,0
ingin aku marahi akan tetapi dia perempuan,1
uda tau dapet bab paling banyak,0
sudah tahu dapat bab terbanyak,1
bab plg rmt plg ssh,0
bab paling rumit paling susah,1
klo mw msk kel gua cm mau nilai gua tendang,0
jika ingin masuk kelompokku hanya untuk nilai saya tendang,1
gua begadang kek org bego tp anggota goyang kaki keciprat berkah surga,0
saya tidak tidur seperti orang bodoh tapi anggota bersantai saja,1
michelle sdh paham cara kerja dunia,0
michelle sudah mengerti bagaimana dunia ini bekerja,1
yaud dong toh w d suru,0
ya sudah lagipula saya disuruh,1
tp kerjaan dia somplak smw,0
tapi pekerjaannya tidak ada yang beres,1
sama aja gw hrs rombak ulang,0
sama saja saya harus mengerjakan ulang,1
bsk gua suru kerjain yg bru,0
besok akan saya suruh kerjakan yang baru,1
mending gua kerja,0
lebih baik saya kerja,1
minta didoain tau ga org kaya gitu,0
orang seperti itu ingin saya doakan,1
gk ush mikir lgi gmn mau idup di dunia,0
tidak usah lagi memikirkan hidup di dunia,1
mau msk ptn juga,0
mau masuk ke ptn juga,1
jason bs baca niat gua,0
jason bisa membaca niatanku,1
gw aja edit ppt sambil ladenin tmn gua keluhan,0
saya saja menyunting presentasi sambil meladeni keluhan teman saya,1
oh lu punya temen jason,0
oh jadi jason punya teman,1
lu bab apa si jason,0
bab apa yang kamu kerjakan jason,1
kan lu ga maju bsk,0
bukankah kamu tidak maju besok,1
bsk yg maju halogen sm gas mulia,0
besok yang maju adalah kelompok halogen dan gas mulia,1
iya tp jumat gw kena,0
iya tapi saya maju hari jumat,1
gw br persiapan pemanfaatan magnesium,0
saya baru persiapan pemanfaatan magnesium,1
manfaat ga w bkin,0
manfaatnya tidak saya buat,1
maksa gw hrs ringkas lg,0
memaksa saya untuk meringkas lagi,1
gua yg bacain gua ringkasin gua bikin ppt,0
saya yang membacakan saya yang meringkas saya yang membuat presentasi,1
tp gua damprat lgsg suru rngks lg,0
tapi saya marahi dan langsung saya suruh ringkas sekali lagi,1
jujur aja derry tugas tik kali ini gua minta ampun tidak membantu karena gatau mau apa,0
sejujurnya derry untuk tugas tik kali ini saya minta maaf tidak membantu karena tidak tahu mau melakukan apa,1
tapi kelompok gw ada jason tuh,0
tapi di kelompok saya ada jason,1
kalo mepet baru nanyain eh tgsnya gmn,0
jika terjepit baru menanyakan tugas,1
mending alvin bantu cari ide,0
alvin masih lebih baik karena dia membantu dengan mencari ide,1
artinya kau di bwh alvin,0
artinya kamu di bawah alvin,1
saya mengakui dgn sangat memalukan bahwa ini kali pertama kerja kelompok kontribusi gw nol,0
saya mengakui dengan sangat memalukan bahwa ini kali pertama dalam kerja kelompok saya tidak berkontribusi,1
ngirim foto aja ampe skrg blm dikirim,0
sampai sekarang saja fotonya belum dikirim,1
bsk juga gk bakal inget,0
besok pun tidak akan ingat,1
tugas paling gampang aja gk dikerjain jason,0
tugas termudah saja tidak kamu kerjakan jason,1
gw emg blm buka file,0
saya memang belum membuka file,1
klo diliat dlm segi pendidikan bener gk,0
apakah benar jika dilihat dari segi pendidikan,1
klo gaad sesi tny jwb,0
jika tidak ada sesi tanya jawab,1
gua udh d lempar pertanyaan sm busugi sih,0
saya sudah mendapatkan pertanyaan dari ibu sugi,1
nah gw jg mau lempar pertanyaan ke vri,0
saya juga mau memberikan pertanyaan kepada vri,1
tp wktu itu pertanyaannya apa,0
tapi apa pertanyaan waktu itu,1
grgr thalia slh ngmg jd dipertanyakan sm busugi,0
karena thalia salah bicara sehingga ibu sugi meragukannya,1
oh brrt lu beda nomor sama gw,0
artinya nomor kita berbeda,1
cepet ilangnya tp diproduksi dgn laju reaksi yg sama cepet,0
cepat hilang tapi diproduksi dengan laju reaksi yang sama cepatnya,1
eh jason gw butu debat,0
jason saya butuh debat,1
cb kl tulang lu lunak kek gt,0
bayangkan tulang anda lunak seperti itu,1
gua rasa dia sensi sm suhu,0
saya rasa dia sensitif terhadap suhu,1
selain sensi suhu gw rasa kadar air,0
selain sensitif terhadap suhu saya rasa juga terhadap kadar air,1
kebetulan pm kim gua tadi bu sugi bahas pelembab,0
kebetulan pendalaman materi kimia saya tadi ibu sugi bahas pelembab,1
cmn karena kurang pelembab kulit lu begitu,0
hanya karena kurang pelembab kulitmu begitu,1
gua ke tmpt dingin,0
saya ke tempat dingin,1
ga d garuk lgsg merah,0
tidak digaruk langsung merah,1
gara ad jrwt kcl si,0
karena ada jerawat kecil,1
jd keliatannya inflamasi gt jerawatnya jd bintik keliatannya,0
sepertinya inflamasi sehingga jerawatnya terlihat berbintik bintik,1
brrt mslh bkn d plmbb,0
berarti masalahnya bukan pada pelembab,1
asal lu tau w msh bgg knp kulit kepala gw,0
sekedar informasi untukmu saya masih bingung mengenai kulit kepala saya,1
kek kdg suka kluar cairan gt anj,0
terkadang suka mengeluarkan cairan,1
tp sembuh nya berkala gt,0
tapi sembuhnya berkala,1
udh smbuh eh galamaa gitu lg,0
sesudah sembuh tidak lama kemudian akan kambuh lagi,1
gw kirim tugas yg kalender ke lu ya,0
saya kirim tugas kalendernya ke kamu ya,1
klo bisa kasi tau juga,0
jika bisa beri tahu juga,1
cb gw bc bailmu btr,0
coba saya baca bailmu sebentar,1
gua harus baca dlu ya baru ngerti,0
saya harus baca terlebih dahulu baru mengerti,1
gua kira lo uda baca,0
saya kira kamu sudah membaca,1
oke lu tls dl de,0
baiklah kamu tuliskan saja dulu,1
gua gmbr nnti klo udh kelar gua bru kt debat,0
saya gambarkan terlebih dahulu jika sudah baru kita debat,1
lu cr referensi lain de,0
kamu carilah refrensi lain,1
biar siap gua gembleng berbagai pertanyaan,0
supaya siap saya hadapkan dengan berbagai pertanyaan,1
gua gangerti proses pindah silang,0
saya tidak mengerti proses pindah silang,1
si atas kiri materi genetiknya geser sebagian ke bawah kiri,0
materi genetik di bagian atas kiri akan bergeser sebagian ke bawah kiri,1
bawah kiri jg tukeran sama atas kiri,0
bagian bawah kiri juga akan bertukar tempat dengan bagian atas kiri,1
jd gamungkin silang atas kiri ke bawah kanan,0
jadi tidak mungkin persilangan antara bagian atas kiri dengan bagian bawah kanan,1
yg pindah si lengannya kan,0
yang berpindah adalah lengannya,1
supaya nanti hasilnya kromosom yg kode genetiknya baru,0
supaya menghasilkan kromosom dengan kode genetik yang baru,1
di tengah ada lokasi dia nempel,0
di tengah terdapat lokasi untuk penempelan,1
tlg ingat anda debat sama yg masi nyangkut di materi genetika,0
tolong ingat anda sedang berdebat dengan orang yang masih tersangkut di materi genetik,1
jd validitas jawaban gw jg gw sendiri meragukan,0
jadi validitas jawaban saya sendiri pun meragukan,1
di posisi piramida ekosistem kan dia plg bawah,0
dia terdapat pada posisi paling bawah dalam piramida ekosistem,1
jd lu ambil plankton dari habitat asli,0
jadi kamu mengambil plankton dari habitat aslinya,1
biar yg lu tangkep planktonnya doang,0
supaya yang kamu tangkap hanya planktonnya saja,1
trs ambil sedikit air lautnya dipisah air lautnya jadiin sampel air habitat,0
lalu ambil sedikit air dari sampel tersebut dan pisahkan menjadi sampel air habitat,1
bu sugi mau periksa tp dia sala buku,0
ibu sugi ingin memeriksa akan tetapi dia salah buku,1
trs td pm juga ngantuk gurunya,0
lalu pada saat pendalaman materi pun beliau mengantuk,1
skrg wakepssek pa hila kn,0
apakah wakil kepala sekolah sekarang adalah pak hila,1
pahila it guru koordinator kesiswaan,0
pak hila adalah guru koordinator kesiswaan,1
tp dia ngajar semua unit,0
tapi dia mengajar semua unit,1
jd gausa dijejelin jabatan khusus,0
jadi tidak perlu diberikan jabatan khusus,1
cukup kasi surat edaran,0
cukup dengan surat edaran saja,1
biar ga d bgnin pagi buta,0
supaya tidak dibangunkan pada pagi buta,1
eh samyang pake kuah g,0
apakah samyang memakai kuah,1
selama ini w pake kuah hm,0
selama ini saya pakai kuah,1
gw aja gaperna makan samyang,0
saya bahkan tidak pernah makan samyang,1
eh jason emg lu mempersiapkan apa bwt bsk,0
apa yang jason persiapkan untuk besok,1
yg ngetik sm print rapot itu guru,0
yang mengetik dan mencetak rapor adalah guru,1
knp jd kt yg mempersiapkan,0
kenapa jadi kita yang mempersiapkan,1
walaupun gw bandingin ad peningkatan dr thn kmrn,0
walaupun setelah saya bandingkan terdapat peningkatan dari tahun lalu,1
eh ambl rpot d surat edaran,0
ambil rapor di surat edaran,1
makanya gw bilang bsk pagi bgt gw,0
sudah kubilang besok akan pagi sekali,1
iya gua ud dgr td,0
ya saya sudah dengar tadi,1
michelle mo ikut ke matraman gk,0
apakah michelle mau ikut ke matraman,1
busugi emg ga kasi detik kimia,0
apakah ibu sugi tidak memberikan detik kimia,1
klo nnt ud dkt un,0
jika nanti sudah dekat un,1
gtw de kl ud dkt un,0
saya tidak tahu jika sudah dekat un,1
apalagi rumor kencang unbk feb,0
apalagi terdapat rumor bahwa unbk dilaksanakan februari,1
gw berharap april aja lah,0
saya berharap april saja,1
w msh ksel gaad perpis,0
saya masih kesal karena tidak ada perpisahan,1
kls gw ga bs mengorganisir diri sendiri,0
kelas saya tidak bisa mengorganisir diri sendiri,1
kls w apalagi kl kls lu gbs,0
jika kelasmu tidak bisa apalagi kelas saya,1
mau kemana aja ga bs nentuin,0
bahkan tidak bisa menentukan mau pergi ke mana,1
perpis kelas lu doang,0
perpisahan kelasmu saja,1
kwkw kan sp tau kls lu mau ke tmpt lain,0
haha siapa tahu kelasmu mau pergi ke tempat lain,1
kls w mah misah skls psti,0
kelas saya sudah pasti berpisah sekelas,1
kls w kan ad kubu wkwkw,0
karena dalam kelas saya terdapat kubu,1
kls gw ud dilem mama sugi dr awal tahun,0
kelas saya sudah dilem ibu sugi dari awal tahun,1
tp mau gmn kenyataan ga seindah ekspektasi,0
tetapi kenyataan tidak seindah ekspektasi,1
udh g bgtu keliatan si kubunya ttp aja tp aura ny msi ad,0
kubunya memang sudah tidak begitu terlihat tapi auranya tetap masih ada,1
er saya mah apa atuh,0
apalah saya,1
kesini mau aja,0
ditanya mau ke sini jawabannya mau,1
ditanya siapa ga nentu mau juga,0
ditanya siapa yang belum tentu pun saya iya juga,1
ditanya siapa gk tentu ikut iya juga,0
pas ditanya belum tentu ikut iya juga,1
pengen di introgasi sama bu sugi,0
ingin diinterogasi oleh ibu sugi,1
dan dpt gelar gw dari bu rio,0
dan mendapat gelar dari ibu rio,1
ditanya tdi sama bu rio,0
tadi saya ditanya oleh ibu rio,1
jujur it pertanyaan gw lontarin karena kepikiran senin gw ditaunt sama si ibu,0
sejujurnya pertanyaan itu saya lontarkan karena teringat senin saya ditantang oleh beliau,1
jd gw pikir pertanyaan gw ga bole receh kyk biasanta,0
jadi saya berpikir pertanyaan saya tidak boleh asal seperti biasanya,1
begitu gw tau bahwa trnyt mereka cmn salah materi,0
begitu saya tahu bahwa mereka hanya salah materi,1
kita mau pergi jam brp,0
jam berapa kita mau pergi,1
bsk yg ambil bokap gw,0
besok ayah saya yang mengambil,1
kl nyokap gw msh bs,0
jika ibu saya masih bisa,1
hdd nya juga gk jdi,0
hdd nya juga tidak jadi,1
gw kasi pas ambil rapot,0
saya berikan saat ambil rapor,1
bsk lu pd jd ke matraman,0
apakah besok kalian jadi ke matraman,1
gwnya yg kyknya ga jd,0
sepertinya saya sendiri yang tidak jadi,1
gw ke rmh lu aja,0
saya ke rumahmu saja,1
gw yakin kita ketemuan bokap gw aja msh ngopi,0
saya yakin ketika kita bertemu ayah saya masih minum kopi,1
gw yakin nyampe sono butuh waktu,0
saya yakin untuk sampai sana butuh waktu,1
ah ambil rapot serasa wawancara,0
ambil rapor rasanya seperti wawancara,1
gw bntr lgi sampe kok jason,0
saya sebentar lagi sampai jason,1
gw udh pergi kok,0
saya sudah pergi,1
gua supervisor kimia y,0
saya supervisor kimia ya,1
tp gw disangka ga suka kimia,0
tapi saya disangka tidak menyukai kimia,1
trus busugi mengulurkan tgn kek mw jabat tangan,0
lalu ibu sugi mengulurkan tangan seperti ingin berjabat tangan,1
soalny td si ibu cerita,0
karena tadi ibu bercerita,1
plg byk masuk ui itu teknik kimia,0
paling banyak yang masuk ke ui adalah jurusan teknik kimia,1
karena ud ada yg msk situ,0
karena sudah ada yang pernah masuk ke sana,1
banting ke itb jurusan lain,0
pindah ke itb jurusan lain,1
karena trnyt anak ini gatau mapping mata kuliah,0
karena ternyata anak ini tidak tahu mengenai pemetaan mata kuliah,1
dia pikir semua yg bakal dipelajarin cuma bio,0
pikirnya semua yang akan dipelajari hanya seputar biologi,1
lu jd ambl apa jason,0
jadi apa yang kamu ambil jason,1
lu buka rekor baru ui aja,0
kamu buka saja rekor baru ui,1
mala lu tau bu sugi blg apa,0
apakah kamu tahu apa yang ibu sugi katakan,1
kl kamu mau bio saya saranin kamu unud,0
jika kamu mau biologi saya sarankan kamu ke unud,1
apa cuma gw disini yg bener memprediksi kata bu sugi,0
apa hanya saya disini yang memprediksi perkataan ibu sugi dengan benar,1
klo ngomong sama bu sugi skrg bkn siap lgi gw,0
saya belum siap untuk berbicara dengan ibu sugi sekarang,1
trs banyak materi kek gua gakenal samsek,0
kemudian banyak materi yang tidak saya kenal sama sekali,1
bu sugi mungkin pengertian kpd kami yg nilainya jelek,0
ibu sugi mungkin pengertian kepada kami yang nilainya kurang baik,1
rapot gw angka siluman,0
rapor saya angka siluman,1
lu pikir w ga siluman hah,0
kamu pikir saya tidak siluman,1
angka mid sem bi drmn woiii,0
darimana nilai pertengahan semester bi itu datang,1
gua tapi gua gatau gua dr nilai apa,0
saya tapi saya tidak tahu dari nilai apa itu,1
it jstru lbh siluman,0
itu justru lebih siluman,1
sumpah lu tugas kim ad nlaunya,0
sumpah kamu punya nilai tugas kimia,1
gue liat aja cm brp biji nlainya,0
saya hanya melihat beberapa nilai,1
stts akreditasi sdg dlm proses,0
status akreditasi sedang dalam proses,1
ap aj yg lu jlsin soal dia,0
apa saja yang kamu jelaskan mengenai dia,1
cmn jjr gw tertarik sama doi,0
tapi sejujurnya saya tertarik pada dia,1
lu bahasnya gmn emg nnt,0
bagaimana nanti kamu mau membahasnya,1
lu slh sebut mati digembleng jir,0
jika kamu salah sebut maka kamu akan mati,1
skrg brrt tinggal kesadahan air,0
berarti yang tertinggal hanya kesadahan air,1
nah gua jg g ngrt tu kesadahan air gmn,0
saya juga tidak mengerti mengenai kesadahan air,1
eh lu pd mw k ui lg ga,0
apakah kalian mau ke ui lagi,1
kalo misalkan gua ke ui lg,0
jika seandainya saya ke ui lagi,1
kek kt pegi wkt dl,0
seperti waktu itu kita pergi,1
lu klo gitu bolos dari awal michelle,0
jika ingin melakukan itu harusnya kamu bolos dari awal michelle,1
tau kan absen gue bersi,0
kamu tahu absen saya bersih,1
lu udh pernah izin ke perkuliahan gk,0
apakah kamu sudah pernah izin untuk ke tempat perkuliahan,1
klo blom pernah berarti bisa,0
jika belum maka kamu bisa,1
gw juga blm pernah izin,0
saya juga belum pernah izin,1
tp kan guru ud blg ga bole,0
tapi guru sudah bilang tidak boleh,1
gamungkin gua ijin ke unud jd ui aja,0
tidak mungkin saya izin ke unud jadi ke ui saja,1
emg siapa lg yg nanti target msk ui,0
memangnya siapa lagi yang nantinya memiliki target untuk masuk ui,1
guru liat kita ud satu paket,0
guru melihat kita sebagai satu paket,1
ada yg satu sebelahnya lg pasti nyusul,0
jika satu pergi maka sisanya akan menyusul,1
oh kyk bu rio gitu ya,0
seperti ibu rio,1
dia mikir knp tenaga kerja wanita bukannya tenaga kerja pria,0
dia memikirkan kenapa tenaga kerja wanita dan bukan tenaga kerja pria,1
ok skrg juga ke stasiun mabes,0
sekarang juga berangkat ke stasiun mabes,1
kenapa yg dipotong it lengan sama paha atas,0
kenapa yang dipotong adalah lengan dan paha atas,1
gw gk liat klo tangan,0
untuk tangan saya tidak melihatnya,1
tapi klo kaki itu kan dibelek,0
tapi untuk kaki prosesnya adalah dibedah,1
mau liat saluran darah mungkin,0
mungkin ingin melihat saluran darah,1
sarjana hukum yg gk tau sejarah pancasila,0
sarjana hukum yang tidak tahu sejarah pancasila,1
gmn mnrt lu,0
bagaimana tanggapan anda,1
gua menahan ngatain yg menganut sara ni,0
saya menahan diri dari mengeluarkan komentar sara,1
pengen gw damprat,0
ingin saya perdebatkan,1
itu tuh jenis org yg klo disindir dikit agamanya pasti ngamuk ampe pengadilan,0
itulah jenis orang yang jika disindir sedikit mengenai agama pasti akan mengamuk sampai tingkat pengadilan,1
lulusan mna si tu org,0
lulusan mana orang itu sebenarnya,1
trs video miris mahasiswa ngumpul pada teriak sumpah mendirikan nki,0
lalu video miris mahasiswa yang bersumpah mendirikan nki,1
ku kan terbang tinggi di awan,0
aku akan terbang tinggi di awan,1
anak laknat apa anak kimia,0
anak laknat atau anak kimia,1
derry bsk gw kirim presentasi agama,0
derry besok saya akan mengirimkan presentasi agama,1
gua kyknya agak gila karena alkali tana,0
saya sepertinya agak gila karena alkali tanah,1
tp feel ketika lu memahami sesuatu itu,0
tp perasaan ketika kamu memahami sesuatu itu,1
dr buku yg laknat itu,0
dari buku yang laknat itu,1
entah bnr ap ga kita liat bsk wkwkwk,0
benar atau tidaknya kita lihat besok hahaha,1
gw merasa terusik dgn ini,0
saya merasa terusik dengan ini,1
lu mancing debat jir,0
anda ini memancing debat,1
gw batal mandi karena ladenin ini lbh seru,0
saya tidak jadi mandi karena meladeni hal ini lebih seru,1
hub antara ttik ddi sm kereaktifan adala tidak ada,0
tidak ada hubungan antara titik didih dengan kereaktifan,1
itu suhu dimana larutan tersebut akan mendidih dan berubah mnjd fase berikutnya,0
itulah suhu dimana larutan tersebut akan mendidih dan berubah menjadi fase berikutnya,1
tp gw ngerasa aneh gt,0
tapi saya merasa aneh,1
jadi dia lebi reaktif toh,0
jadi dia lebih reaktif,1
gw jd gbs mandi dgn tenang,0
saya jadi tidak bisa mandi dengan tenang,1
karena td bikin ppt air sadah,0
karena tadi membuat presentasi air sadah,1
gw liat sabun jd ilfeel,0
saya jadi geli melihat sabun,1
sabun dlm air sadah ga bakal berbusa,0
sabun dalam air sadah tidak akan berbusa,1
tp lu jdnya apa si,0
tapi apa yang menjadi tujuanmu,1
udah lu mandi dlu cuk,0
sudah mandi dulu saja kamu,1
lu jg ditanya ama vri gituan ya,0
vri juga bertanya hal yang sama padamu ya,1
uap air itu datengnya kalo air lu apain,0
apa yang perlu kamu lakukan untuk menghasilkan uap air,1
gw jd tertarik sama aloi,0
saya jadi tertarik terhadap aloi,1
es itu dingin apa panas,0
apakah es itu dingin atau panas,1
emas putih membuat alergi,0
emas putih menyebabkan alergi,1
beku tapi panas itu apa,0
apa yang dimaksud dengan beku tapi panas,1
kenapa bekas gigitan nyamuk gua makin banyak,0
kenapa bekas gigitan nyamuk saya semakin banyak,1
sembuhnya butuh bulanan munculnya dalam hari anj,0
untuk sembuh perlu waktu bulanan sedangkan timbul yang baru setiap hari,1
kesadahan sementara cepat kuliahin gue,0
cepat ajarkan saya tentang kesadahan sementara,1
lu baca cetak sebenernya udh cukup sih,0
sebenarnya dengan kamu membaca buku cetak itu sudah cukup,1
gw tw lu plg benci soal kyk gini,0
saya tahu kamu paling benci dengan soal seperti ini,1
gw aja gtw gmn lu bedainnya,0
bahkan saya tidak tahu bagaimana kamu membedakannya,1
jjr gw jg g ngrt,0
sejujurnya saya juga tidak mengerti,1
kwkwkw yes it jg bs,0
hahaha ya itu juga bisa,1
sejak kasus laju reaksi kunjaw instan kyk gitu gw mala jd ngeri,0
semenjak kasus laju reaksi saya takut dengan kunci jawaban instan seperti itu,1
kan si bu sugi minta cara,0
karena ibu sugi meminta caranya,1
jadi itu sebagai patokan aja,0
jadi gunakan itu sebagai acuan saja,1
kl dia mau pake itu si silakan,0
jika dia mau memakai itu maka silakan,1
tp busugi pasti tau mana yg kerja natural mana pake pelet,0
tapi ibu sugi pasti mengetahui mana yang bekerja dengan jujur dan mana yang tidak,1
dan gw rasa mustahil itu,0
dan saya rasa itu mustahil,1
gw buang ide gw soal video yg wkt itu,0
saya membuang ide soal video waktu itu,1
jason mau debat apa pkn,0
apa yang mau jason perdebatkan mengenai pkn,1
sistem pem ada apa aj si sbnrnya,0
sebenarnya ada sistem pemerintahan apa saja,1
gw jd ga fokus sial,0
saya menjadi tidak fokus,1
ap bedanya bentuk pem sistem pem,0
apa perbedaan bentuk pemerintahan dan sistem pemerintahan,1
gua dari dulu gpernah tau bedanya apa,0
dari dulu saya tidak pernah mengetahui apa perbedaannya,1
tp gw rasa lbh tinggi tingkatannya itu sistem pem,0
tapi saya rasa tingkatan yang lebih tinggi adalah sistem pemerintahan,1
tp ga dia g pk demokrasi,0
tapi dia tidak memakai demokrasi,1
kek ada yg ga beres,0
seperti ada yang tidak beres,1
ciri utama parlementer it dia punya perdana menteri setau w gt,0
sepengetahuan saya ciri utama parlementer adalah dia memiliki perdana menteri,1
pengen nanya ke bu sugi soal slide,0
ingin bertanya pada ibu sugi mengenai slide,1
tp nanti ganggu di lab,0
tapi nanti mengganggu di laboratorium,1
lu tlg jd akreditor ppt gw dong,0
kamu tolong jadi akreditor presentasi saya,1
katanya lu gk mau msk bsk,0
bukankah kamu tidak mau masuk besok,1
eh mw k ui g bsk,0
apakah besok mau ke ui,1
gw taksir kita keliling fmipa,0
saya memperkirakan kita akan berkeliling fmipa,1
sm tekno biopros kan di teknik,0
dan teknologi bioproses terdapat di teknik,1
lu mau nanya apa ga jason,0
apakah kamu mau menanyakan sesuatu jason,1
y ud bikin akun sono,0
ya sudah silakan buat akun,1
ya kek semacem akun gugel,0
seperti akun google,1
tp ini khusus ui punya,0
tapi yang ini khusus untuk ui,1
gw ngikut klo ada faedahnya,0
saya ikut jika ada manfaatnya,1
mending gw main ke rmh temen gw,0
lebih baik saya bermain ke rumah teman saya,1
jason ke sana mau ngapain,0
apa yang mau jason lakukan di sana,1
kan dr webnya dia blg buka jan,0
berdasarkan web dia mengatakan akan buka pada januari,1
gtw cek aja sekalian bikin akun,0
saya tidak tahu cek saja bersamaan dengan membuat akun,1
lu bikin akun nnti disana gt,0
apakah kamu akan membuat akun nanti di sana,1
pilih jalur masuk dr situ,0
jalur masuk dipilih dari sana,1
liat hasil sbmptn nanti dr situ juga,0
hasil sbmptn juga dilihat dari sana,1
ya kadang ada yg mau paralel,0
terkadang ada yang mau paralel,1
aduh jgn bikin paink donggg,0
tolong jangan membuat saya panik,1
panik tp ntar lulus cumlaude gua slepet lu,0
awas saja kalau kamu panik tapi lulus cumlaude,1
trs liat penjelasan jalur masukny,0
kemudian lihatlah penjelasan jalur masuknya,1
gliran ad wkt d ajak pd gmw,0
ketika ada waktu kalian tidak mau pergi ketika diajak,1
jadi lu mau cus apa mau cr waktu lain lg,0
apakah kamu mau pergi atau mencari waktu lain lagi,1
kl lu mau daftar buru,0
cepatlah jika kamu mau mendaftar,1
bdanya yg atas sm bwh apa,0
apa perbedaan antara yang atas dengan yang bawah,1
lu buka dl de webnya,0
bukalah situsnya terlebih dahulu,1
ah kyknya gw blm bs isi hr ini,0
sepertinya aku tidak bisa mengisinya hari ini,1
lu mw isi hr ini,0
kamu mau mengisinya hari ini,1
kl bisa diterima apa kaga kan blm tau org it cadangan,0
karena itu bersifat cadangan maka belum dapat diketahui diterima atau tidak,1
lu bayar itu dp kl lu ud dinyatakan diterima,0
kamu membayar uang muka ketika kamu sudah dinyatakan diterima,1
keterima aja belom lu bayar apaan,0
apa yang kamu bayar jika kamu bahkan belum diterima,1
iya kalo gua diterima mas,0
ya jika saya diterima,1
kalo diterima lu mw msk sana,0
jika diterima maukah kamu masuk ke sana,1
kl bisa ptn ya ptn mz,0
jika bisa ptn maka ptn,1
nah trs ada dua kemungkinan dinyatakan lulus seleksi atau ga lulus seleksi,0
kemudian ada dua kemungkinan yaitu dinyatakan lulus seleksi atau tidak lulus seleksi,1
nah itu gw ada pilihan,0
saya ada pilihan dalam hal itu,1
kl mau kuliah disana bayar dulu dp nya itu,0
jika ingin berkuliah disana maka bayar dulu uang muka tersebut,1
kl gw ga mw disitu,0
jika saya tidak mau disitu,1
misal di ui gw tembus,0
misalnya saya diterima di ui,1
konteks yg gw mksd kan fix msk,0
konteks yang saya maksud adalah sudah pasti masuk,1
kacangin aja nanti dia anggep otomatis gw mengundurkan diri,0
abaikan saja karena nanti saya otomatis dianggap mengundurkan diri,1
masa hasilnya ga keluar ampe agustus,0
maka hasilnya tidak akan keluar sampai agustus,1
ni ya gw kasi contoh sbmptn thn lalu,0
saya berikan sbmptn tahun lalu sebagai contoh,1
makin gw baca makin bikin pusing,0
semakin saya baca semakin memusingkan,1
knp sastra inggris terlihat menggoda,0
kenapa sastra inggris terlihat menggoda,1
ya cukup natural aja kemampuan debat gw,0
kemampuan debat saya cukup natural,1
mnrt gw debat lebih penting argumen lu kritis drpd ngomong lu rapi,0
menurut saya argumen yang kritis lebih penting daripada komunikasi yang rapi,1
knp gk di indonesia kyk gini,0
kenapa indonesia tidak seperti ini,1
org dibakar karena dituduh nyolong ampli,0
orang dibakar karena dituduh mencuri ampli,1
lu klo mingggu pelayanan smpe malem y,0
apakah kamu pelayanan sampai malam setiap minggu,1
bisa izin sih klo gw lgi sibuk,0
ketika saya sedang sibuk sebenarnya bisa izin,1
gw mau ciduk kalian,0
saya mau menculik kalian,1
lu cari lagu tabel periodik,0
kamu cari lagu tabel periodik,1
banner gelas plstik lima m,0
banner gelas plastik lima meter,1
digulung setenga mampus tau ga,0
sangat susah untuk digulung,1
ampe gw mesti angkat bertiga,0
sampai saya harus mengangkatnya bertiga,1
gw rasa bkn bu sugi,0
saya rasa bukan ibu sugi,1
senen gua di eksekusi,0
senin saya dieksekusi,1
gw memakai nama dan menyesuaikan sifat lu,0
saya memakai nama dan menyesuaikan sifatmu,1
semua pertanyaan bu sugi gw bakal geser ke lu,0
semua pertanyaan ibu sugi akan saya berikan kepadamu,1
itu si derry tadi mau bunuh gua di rumah nico,0
derry tadi berencana membunuh saya di rumah nico,1
trs br nyadar kimia presentasi kelompok dia sama gw blm maju,0
kemudian dia menyadari bahwa presentasi kimia kelompok dia dan saya belum selesai,1
ngomong jgn dibikin ambigu deh,0
jangan membuat kalimat yang ambigu,1
sry gk ikutan kaki gw gk bisa buat gerak,0
maaf saya tidak ikut karena kaki saya tidak bisa digunakan untuk bergerak,1
gw br kelar mandi,0
saya baru selesai mandi,1
baca berjuta kali ga ngrt,0
dibaca berjuta kali tetap tidak mengerti,1
kl lu rasa humornya ga dapet y jgn dicentang,0
jika kamu merasa tidak mendapat humornya maka jangan dicentang,1
mau yg bs d syg,0
mau yang bisa disayang,1
serius michelle mw yg mn,0
serius michelle mau yg mana,1
fc yg td bkn gw yg pegang lg,0
fotokopi yang tadi bukan saya lagi yang pegang,1
ank kls x jaman now,0
anak kelas x zaman sekarang,1
yg td maju lisan sama bu sugi,0
yang tadi maju dilisankan oleh ibu sugi,1
cmn gw keselnya ini anak,0
cuma Saya kesal dengan anak ini,1
lu tau maju lisan harusnya anak lain maju lu diem,0
kamu tahu maju lisan harusnya anak lain maju dan kamu diam,1
rambut pendek tangan kyk derry poni rata,0
rambut pendek tangan seperti derry poni rata,1
gua udh gedeg sm dia dr smp,0
gue udah kesal sama dia dari smp,1
gua tau dia itu saingan adiknya mega,0
gue tahu dia itu saingan adiknya mega,1
td mereka maju lisan virus di lab bgt kls lu kelar praktek,0
mereka maju lisan virus di lab begitu kelas kamu sudah selesai praktek,1
gw kan didalem ambil jason lab gw dr nico,0
saya kan didalam mengambil jason laboratorium saya dari nico,1
kalo mw jwb dlm hati ae anying wkwkw,0
jika mau jawab dalam hati saja anjing ,1
orang ditumbuk trs dijadiin ekstrak,0
orang ditumbuk kemudian dijadikan ekstrak,1
ini dia blg dipetik trs dioles,0
dia mengatakan dipetik dahulu lalu dioles,1
sejarah virus kan kita ga bljr,0
kita tidak mempelajari sejarah virus ,1
ikatan yg lebi kuat siapa,0
siapa yang memiliki ikatan yang lebih kuat,1
gua baru sadar jir kelompok kimia kalian isinya dewa semua,0
saya baru sadar bahwa kelompok kimia kalian berisi dewa,1
loh brrt ingatan gua tebalik dong,0
berarti ingatan saya terbalik,1
jd gw tanya guru ipa w dulu sd,0
jadi saya tanya guru ipa saya sd dahulu,1
biar kamu gampang ingetnya begini,0
agar kamu mudah mengingatnya,1
trs w cek wiki inggris,0
terus saya mengecek wikipedia inggris,1
oh jd ion lbh kuat,0
oh jadi ion lebih kuat,1
tp gw sengaja jelasin belakangan,0
tapi saya sengaja untuk menjelaskannya belakangan,1
itu aja udh salah ngomong brp kali,0
itu saja sudah salah mengucapkan berapa kali,1
tp dikejar sama si ibu,0
tapi dikejar oleh ibu itu,1
pdhl kel lu udh kel deewa,0
padalah kelompok kamu sudah kelompok dewa,1
bereaksi sama sembarang garam ga mau,0
tidak mau bereaksi dengan sembarang garam,1
gw ga jawab karena ketolong bel,0
saya tidak menjawabnya karena tertolong oleh bel,1
blm ada murid laen berani nanya,0
belum ada murid lain yang berani bertanya,1
tp efeknya yg nanya si ibu dua kali,0
efeknya adalah yang nanya ,1
dia jg ga kasi kuota pertanyaan buat kel gw,0
dia juga tidak memberikan kuota pertanyaan untuk kelompok saya,1
atau nyebut berapa kali dia mau nanya itu jg kaga,0
atau menyebutkan beberapa kali dia mau bertanya itu juga tidak,1
lu balik dr gereja jem segini,0
kamu balik dari gereja jam segini,1
gw baru tau anthony ipa segereja sama gw,0
saya baru tahu bahwa anthony jurusan ipa satu gereja dengan saya,1
cerita lengkap dirahasiakan aja dah,0
cerita lengkap dirahasiakan saja ,1
beri dia nasi bungkus gan,0
berikan dia nasi bungkus pak,1
un di indo begini gw dukung,0
un di indonesia jika begitu saya akan mendukungnya,1
kls lu periksa bio y,0
kelas kamu memeriksa biologi yah,1
ah saya aja bisa salah udh dibilang mujizat,0
saya saja bisa bersalah udah dibilang mujizat,1
lu gk ngasih tau sih klo lu yg koreksi,0
kamu tidak perlu memberitahukan jika kamu yang mengoreksi,1
abisny dr td gabs jawab,0
habisnya dari tadi tidak bisa jawab,1
pdhl cara jelasinnya hrs dipisah per kata kok gw jd gregetan si,0
padalah cara menjelaskannya harus dipisah per kata dan mengapa saya menjadi gregetan6,1
pdhl gw udh jawabin itu buat mereka,0
padalah saya sudah jawabkan itu untuk mereka,1
mereka samperin gw kan pas isti,0
mereka menemui saya ketika istirahat,1
gw pikir mau review materi jd bbrp pertanyaannya gw jawabin,0
saya berpikir mau meninjau ulang materi jadi beberapa pertanyaannya saya sudah jawabkan,1
yah sudahlah kamis lanjut dong atau disuruh ulang,0
sudahlah kamis lanjut atau disuruh ulang,1
menurut gue dia aja g ngrt sm prtnyan nya,0
menurut gue dia aja yang tidak mengerti dengan pertanyaan saya,1
jd kt ibu perlu refrensi lain,0
jadi kata ibu perlu referensi lain,1
awlalnya pas gw msh proses bikin ppt,0
awalnya ketika saya masih proses membuat powerpoint,1
dan trnyt gw melenceng jauh,0
dan ternyata saya melenceng jauh,1
mkanya d komen abis deh,0
makanya dikomen habis,1
mumgkin karena mereka gbs jelasin itu mereka ga masukin,0
mungkin karena mereka tidak bisa menjelaskan mengapa mereka tidak memasukkannya,1
tp yg jelas kasian de,0
tapi yang jelas kasihan,1
penilaian gw terhadap orang negro tidak buruk juga,0
penilaian saya terhadap orang negro tidak buruk juga,1
kita mah yg penting volume kenceng,0
kita yang penting volume suara kencang,1
tpi alkali tanah kita jason tetep diomelin,0
tapi alkali tanah kita jason tetap diomelin,1
tapi gw sama nico cuma bisa ambil positifnya meskipun gk jawab pun,0
tapi saya dengan nico cuma bisa mengambil positifnya meskipun tidak menjawab pun,1
penjelasan gw sama nico itu sudah sangat jelas sampai gk ada pertanyaan,0
penjelasan saya dengan nico itu sudah sangat jelas hingga tidak ada pertanyaan,1
penyebab kemacetan dibilang karena pejalan kaki,0
penyebab kemacetan dikarenakan pejalan kaki,1
gk bakal msk gerbang juga,0
tidak bakal masuk gerbang juga,1
gua liat bbrp hari ini berita soal ui banyak,0
saya lihat beberapa hari ini berita soal UI banyak,1
pokoknya tolong ya klo udh sampe rumah,0
pokoknya tolong yah jika sudah sampai rumah,1
ingatlah teman mu ini yg selalu kesusahan dlm mat,0
ingatlah temenmu ini yang selalu kesusahan dalam matematika,1
bu sugi marahnya mantep ya derry,0
ibu sugi ketika marah mantap juga,1
dr kel charlie ud amburegul,0
dari kelompok charlie sudah amburadul,1
undur trus grgr banyak kendala kan,0
undur terus gara-gara banyak kendala,1
laptop nya jg g mendukung,0
laptopnya juga tidak mendukung,1
smpe skrg gbs jwb apa apa,0
sampai sekarang tidak bisa menjawab apa-apa,1
kl gabs jwb gt mending gausa presentasi lah,0
jika tidak bisa menjawab mending tidak perlu presentasi,1
laptop pd ada tp gaada buat colokan proyektor,0
laptop pada ada tetapi tidak ada untuk stop kontak proyektor,1
knp gk minjem kelas gw,0
kenapa tidak pinjam kelas saya,1
jd gw mencoba mengurangi tensi di kelas dgn berusaha seatentif mungkin,0
jadi saya mencoba untuk mengurangi tensi di kelas dengan berusaha seatentif mungkin,1
itu presentasi dilanjutin ampe kelar,0
itu presentasi dilanjutkan sampai kelar,1
walaupun gua ga tertarik gua buka semua yg gw tau,0
walaupun saya tidak tertarik tetapi saya membuka semua yang saya tahu,1
seengganya biar mood si ibu turun,0
setidaknya agar mood si ibu turun,1
kaca kan materi terkuat secara kimia,0
kaca merupakan materi terkuat secara kimia,1
yg baik dan benar gmn,0
yang baik dan benar bagaimana,1
tangan kanan gw gk bisa bertugas dgn baik,0
tangan kanan saya tidak bisa bertugas dengan baik,1
rendem di air dingin pak,0
rendam di air dingin pak,1
atau latihan tgn kiri dikit,0
atau latihan dengan tangan kiri sedikit,1
lu bljr tulis angka aja,0
kamu belajar menulis angka saja,1
kan program linier ada grafik,0
program linier ada grafiknya,1
gw nulis angka gmn jir,0
gue nulis angka yang bagaimana,1
kls gw sama jason bsk,0
kelas saya dengan jason besok,1
makanya nulisnya pasti agak lama,0
makanya tulisnya pasti lebih lama,1
apalagi klo soalnya disuruh gambar grafik dlu,0
apalagi jika soalnya disuruh gambar grafik terlebih dahulu,1
dia terlihat lebih cantik saat jd mantan,0
dia terlihat lebih cantik saat menjadi mantan,1
dia terlihat lebih cantik karena efek editan kamera,0
dia terlihat lebih cantik karena efek edit kamera,1
sebelum dia potong rambut dia teror gw,0
sebelum dia memotong rambutnya dia meneror saya,1
jadi virus macam tuh gk mempan,0
jadi virus macam itu tidak mempan,1
saya tak paham maksudnya dia ngomong begitu itu apa,0
saya tidak paham maksudnya dia mengatakan itu apa,1
kode kalo dia itu pamer kecantikan,0
kode jika dia itu memamerkan kecantikan,1
cowo gendeng gt aja ga peka,0
cowok bodoh gitu saja tidak peka,1
aku kan gk pernah peka,0
saya tidak pernah peka,1
saya ngungsi ke rmh lu ya jason,0
saya mengungsi ke rumah kamu jason,1
bentaran lg dong pak,0
sebentar lagi pak,1
tar gw bilang otw ketika gw udh keluar dari mall,0
nanti saya mengucapkan otw ketika saya sudah keluar dari mall,1
lu tau ga baju item tu panas,0
apakah kamu tahu baju hitam itu panas,1
kan ga d bwh terik matahari dodol,0
kan tidak dibawah terik matahari ,1
lampunya jg bkn lampu uv,0
lampunya juga bukan lampu UV,1
kena kalor dr hasil pergerakan tubuh,0
dikenai kalor dari hasil pergerakan tubuh,1
itu dr thn lalu ya,0
itu dari tahun lalu yah,1
tp gw ud mo balik juga,0
tetapi saya sudah mau balik juga,1
knp lu ga ke kafe nya aja duluan,0
kenapa kamu tidak pergi ke kafe aja dulu,1
lu inget jalan kl gw nganter lu ke halte kan,0
kamu ingat jalan jika saya mengantarkan kamu ke halte,1
kan lu keluar dr gang gw nih,0
kan kamu keluar dari gang saya,1
terus ada pertigaan ke kiri kan,0
terus terdapat pertigaan ke kiri,1
udah diconfirm oleh busugi bahwa air keran di lab adl air sadah,0
sudah dikonfirmasi bahwa air keran di laboratorium aalah air sadah,1
bs ga si kita jadiin itu faktor yg mempengaruhi percobaan kita ,0
apakah kita bisa menjadikan itu sebagai faktor yang memengaruhi percobaan kita,1
lain kali kl disuruh pake akuades ngambilnya dr air keran,0
lain kali jika disuruh menggunakan akuades ambillah dari air keran,1
katanya si yang penting dasarnya kan air sebagai pelarut,0
menurutnya yang penting air digunakan sebagai pelarut,1
jd mnurut gue ga ngaru,0
jadi menurut saya tidak akan berpengaruh,1
kecuali untuk kaaya tes ph mungkin itu bru ngaru,0
kecuali untuk semisal tes ph mungkin hal tersebut baru akan berpengaruh,1
klo buat pelarut i think si its ok,0
jika hanya untuk pelarut saya rasa tidak apa apa,1
benci bgt ama itu lagu,0
benci sekali dengan lagu itu,1
dia ubah tuh lirik,0
dia mengubahnya menjadi lirik,1
anak tetangga gw ampe kecanduan mesti gua slepet baru setop,0
anak tetangga saya sampai kecanduan dan harus saya tegur baru berhenti,1
lu suruh dia liat tuh video kyknya bakal bingung,0
kamu suruh dia lihat video itu sepertinya dia akan bingung,1
mnrt lu sistem penilaian osn susah ga,0
menurutmu apakah sistem penilaian osn sulit,1
gw gmw mepet kerjain perlindungan katodik,0
saya tidak mau terjepit mengerjakan perlindungan katodik,1
gua tau itu materi susa,0
saya tahu itu materi yang sulit,1
mending kita tuker tugas,0
lebih baik kita bertukar tugas,1
gw mulai eneg sama kerjaan engko gw,0
saya mulai kesal dengan pekerjaan kakak saya,1
dia lg kerjain akuntansi engkonya,0
dia sedang mengerjakan akuntansi kakaknya,1
gw anak akt yg ditolak,0
saya anak akuntansi yang ditolak,1
aku cinta yg ditolak gt,0
aku cinta yang ditolak begitu,1
klo ez knp lu shit,0
jika mudah kenapa kamu payah,1
gw ga ngomongin oktet duplet,0
saya tidak membicarakan oktet dan duplet,1
tp kov nya gimana geometrinya,0
tapi bagaimana geometri dalam ikatan kovalennya,1
tau drmn polar nonpolar coba,0
darimana dia diketahui polar atau nonpolar,1
gmn cr tau nonpolar polar,0
bagaimana cara mengetahui nonpolar atau polar,1
gmn bs nonpolar,0
bagaimana bisa dia nonpolar,1
emg itu simetris,0
memangnya bentuknya simetris,1
gw pengen debat waktu ibu bilang itu nonpolar,0
saya ingin berdebat waktu ibu berkata itu nonpolar,1
nonpolar karena pasangan elektron bebasnya ga ada,0
nonpolar karena tidak memiliki pasangan elektron bebas,1
gua lupa patokan polar nonpolar,0
saya lupa acuan polar nonpolar,1
gua brkli hapalin brkli jiga gw lupa,0
berkali kali saya menghafalkan berkali kali juga saya lupa,1
eh gw debat sm bokap,0
saya berdebat dengan ayah saya,1
gara kelas gw td bahas intan,0
karena kelas saya tadi membahas intan,1
hp kt bs d gerakin sm ssuatu yg bersifat logam,0
ponsel kita bisa digerakkan oleh sesuatu yang bersifat logam,1
jd kesimpulannya tgn kt ad logamnya,0
jadi kesimpulannya adalah tangan kita mengandung logam,1
dan d hp ad magnetnya yg d alirin sm listrik dr batre,0
dan di dalam ponsel terdapat magnet yang dialiri listrik dari baterai,1
iyap urusan gw baru kelar disini,0
urusan saya baru selesai disini,1
gua aja gangerti apa apa,0
saya saja tidak mengerti apa apa,1
ini dery yg read ya,0
ini derry yang baca ya,1
gua bgg itu per month brp,0
saya bingung itu per bulan berapa,1
ko lu bs dpt,0
kenapa kamu bisa mendapatkannya,1
anda jgn meremehkan jaringan informasi saya,0
anda jangan meremehkan jaringan informasi saya,1
pdhl dia ada peluang masuk,0
padahal dia memiliki peluang masuk,1
dan dia lebih prefer ke kimia gua kira wkwkw drpd bio,0
dan dia lebih memiliki kecenderungan ke kimia daripada ke biologi menurut saya,1
biotek lebih konsen ke bio kan,0
bukankah bioteknologi lebih berfokus ke biologi,1
ya dia milih inter gk salah ya,0
ya dia tidak salah memilih internasional,1
tanggung kenapa ga tacu ke abroad aja klo kek gt,0
kalau begitu kenapa tidak kuliah ke luar negeri saja,1
gw rasa karena dia gk biasa sama environment luar negeri,0
saya rasa karena dia tidak terbiasa dengan lingkungan luar negeri,1
apalagi metode belajar org sana dibanding kita kita kebanting jauh,0
apalagi metode belajar orang luar negeri dengan kita sangat jauh berbeda,1
lu kegiles kami berdua jadi fosil cuk,0
kalau kamu tergilas kami berdua sudah jadi fosil,1
gua kan kenyang ciduk derry ke gramed matraman cari buku ,0
saya kan sudah sering menculik derry ke gramedia matraman mencari buku,1
selalu kl dia lg di kasir w sempetin baca buku bio tebel yg disusun sedemikian rupa sehingga membentuk ensiklopedia berseri ,0
ketika dia di kasir saya selalu menyempatkan diri untuk membaca buku biologi tebal yang tersusun membentuk ensiklopedia berseri,1
ada kelompok mulai dr jilid edisi sampe volume dan doi ada yg ver terjemahan ada yg ing ,0
dikelompokkan berdasarkan jilid edisi hingga volume dan buku tersebut dicetak dalam versi inggris dan versi terjemahan,1
gw baca yg ing pingsan sumpah,0
saya membaca yang inggris ingin pingsan,1
sampe itu buku lokasinya gw geser,0
sampai lokasi buku tersebut saya pindahkan,1
karena jatuh cinta sama buku yg ver terjemahan,0
karena saya jatuh cinta pada buku versi terjemahannya,1
pernah kepikiran nyari pasangan hidup bule,0
pernah terpikir mencari pasangan hidup bule,1
tapi gua urungkan niat berhubung bahasa gua blepotan,0
tapi saya mengurungkan niat berhubung saya tidak pandai berkomunikasi,1
mending temen gua buruan putus kl gt,0
lebih baik teman saya cepat putus kalau begitu,1
setau gw waktu dijelasin gua ketawa,0
seingat saya ketika dijelaskan saya tertawa,1
trus gua berfikir cowo asia kasian jg,0
lalu saya berpikir kasihan juga laki laki asia,1
cew asia sm cow bule noprob,0
perempuan asia dengan laki laki bule tidak masalah,1
trus jason promosi diri sendiri,0
lalu jason mempromosikan diri sendiri,1
ketauilah klo anda udh punya pengalaman dan saya tidak,0
ketahuilah bahwa anda punya pengalaman dan saya tidak,1
katakan sdh brp bulan derry,0
katakan sudah berapa bulan derry,1
ga kebayang pny anak blasterann,0
saya tidak bisa membayangkan punya anak blasteran,1
blasteran lbh rawan mutasi wei,0
blasteran lebih rawan terhadap mutasi,1
itu pas bahas apa ya,0
apa yang dibahas pada saat itu,1
ya gw tanya kyk gitu gk salah dong,0
apakah saya salah dengan bertanya begitu,1
mata sebela ijo sebela biru,0
sebelah matanya hijau dan sebelahnya lagi biru,1
ampe kyk gitu anak lu gw merasa gk kenal klo ketemu dijalan,0
jika anakmu begitu saya tidak akan kenal jika bertemu di jalan,1
dia mau memotivasi diri supaya jd kurus,0
dia ingin memotivasi diri sendiri supaya kurus,1
olahraga yg baik utk manusia,0
olahraga yang baik untuk manusia,1
olahraga yg baik antara jiwa dan raaga,0
olahraga yang baik antara jiwa dan raga,1
untung gua ultah jatoh selasa,0
untung ulang tahunku jatuh pada hari selasa,1
senin gw set up patogen,0
senin saya siapkan patogen,1
pdhl gua ga blg gt,0
padahal saya tidak bilang begitu,1
balik badan rapiin rambut,0
balik badan dan merapikan rambut,1
anjir untung disini gapernah main,0
untung disini tidak pernah main,1
kl ga gw mute hp gw,0
jika tidak ponsel saya sudah saya mute,1
khusus lu dare doang le pilihannya,0
khusus kamu pilihan yang tersedia hanya dare,1
karena truth udh pasti gw yg ambil semua,0
karena truth sudah pasti saya ambil semua,1
klo gw gk suka gw udh bunuh,0
kalau tidak suka sudah saya bunuh,1
dendam gw dibuat malu pas mos sma,0
dendam dipermalukam ketika mos sma,1
mat kacang jason mat kacang,0
matematika gampang jason matematika gampang,1
karna gua berpikir dia itu ga ada resp sama skli,0
karena saya berpikir dia tidak akan merespon sama sekali,1
dan dia bnrbnr gbisa express himself,0
dan dia benar benar tidak bisa mengekspresikan diri sendiri,1
dia mah gk tau klo info kyk gini,0
dia tidak tahu informasi seperti ini,1
gw mah cuma memperhatikan udh tau,0
saya cukup memperhatikan sudah langsung tahu,1
adek gw yg itu emg ga beres,0
adik saya yang itu memang tidak beres,1
mama rio kita akan bertemu di kertas remed,0
ibu rio kita akan bertemu di kertas remedial,1
mama rio kita ketemu dipanggung ya,0
ibu rio kita bertemu di panggung,1
derry pasti geli liat drama gua sm vri,0
derry pasti geli melihat drama saya dan vri,1
eh lu pd bel mand g,0
kalian belajar mandarin tidak,1
padahal vri mungkin aja menerima anda dgn senang hati,0
padahal vri mungkin saja menerima anda dengan senang hati,1
jgn anda menyebut mand di sini,0
jangan sebut sebut mandarin di sini,1
gw lgi di wc ngakak sama jason,0
saya sedang di wc tertawa puas bersama jason,1
ada yg ga punya urat malu,0
ada yang tidak punya urat malu,1
macam legitimasi tau ga si perkataan gua,0
perkataan saya sudah seperti legitimasi,1
trs gw rasa bu sugi nyentil gw,0
lalu saya merasa ibu sugi menyentil saya,1
trs td gw liatin kls lu,0
kemudian tadi saya memerhatikan kelasmu,1
busugi ad bbrp kali liat gw pelototin slide kyk maniak,0
ibu sugi sempat beberapa kali melihat saya memelototi slide seperti maniak,1
mngkin dia tau gw gatel mau nanya,0
mungkin dia tahu saya sangat ingin bertanya,1
pengen teriak persamaan reaksinya salah,0
ingin berteriak bahwa persamaan reaksinya salah,1
itu based on my experienced biasanya,0
itu berdasarkan pengalaman saya biasanya,1
jadi macam soal aplikasi,0
jadi seperti soal aplikasi,1
aku tak suka melihat angka yg tak habis dibagi,0
aku tidak suka melihat angka yang tidak habis dibagi,1
pdhl keingintahuan saya tentang kaca blm terpuaskan,0
padahal keingintahuan saya mengenai kaca belum terpuaskan,1
knp kaca tergolong zat cair dalam bentuk padat,0
mengapa kaca tergolong zat cair dalam bentuk padat,1
knp kaca tahan terhadap hampir semua jenis senyawa kimia,0
mengapa kaca tahan terhadap sebagian besar senyawa kimia,1
kenapa kaca tahan korosi dan sifat kaustik dari asam basa kuat ,0
mengapa kaca tahan korosi dan sifat kaustik asam dan basa kuat,1
kenapa kaca bisa mengisolasi gas ,0
mengapa kaca dapat mengisolasi gas,1
kenapa kaca itu inert ,0
mengapa kaca bersifat inert,1
kenapa kaca bisa dibuat berwarna,0
mengapa kaca dapat dibuat berwarna,1
kenapa kaca bisa dibuat dgn kadar kekuatan yg berbeda dr satu bahan yg sama,0
mengapa kaca bisa dibuat dengan kadar kekuatan yang berbeda dari satu bahan yang sama,1
kenapa kaca cermin memberi perlakuan yg berbeda thd cahaya,0
mengapa kaca cermin memberikan perlakuan yang berbeda terhadap cahaya,1
kenapa kaca mempunyai warna hijau alami,0
mengapa mempunyai warna hijau alami,1
mungkin gua bisa jawab bbrp,0
mungkin saya mampu menjawab beberapa,1
kca zat cair yang padat pd suhu kamar,0
kaca adalah zat cair yang padat pada suhu kamar,1
trus bubuk kuarsa vietnam itu ijo kalo indo putih,0
kemudian bubuk kuarsa vietnam berwarna hijau sedangkan indonesia putih,1
jd papan kaca kelas itu kuarsa nya impor,0
jadi papan kaca kelas memiliki bahan dasar kuarsa impor,1
kalo cermin blkgnya ada lapisan alumunium jd entah,0
untuk cermin bagian belakangnya memiliki lapisan aluminium jadi saya tidak tahu,1
eh mand gw blm bs,0
saya belum bisa mandarin,1
jdi takut gabisa ikutin cara bljr kulia,0
saya jadi takut tidak mampu mengikuti cara belajar kuliah,1
lu mau terbangin gua ke bali,0
kamu mau menerbangkan saya ke bali,1
oh brrt impos ke bali,0
oh berarti mustahil ke bali,1
jd target lu apa jason,0
jadi apa targetmu jason,1
mekanisme sbmptn itu gimana si,0
bagaimana mekanisme sbmptn,1
gua juga masi simpang siur,0
saya pun masih kurang yakin,1
ada yg nulis bahwa dia waktu tes sbmptn daftar ke prodi yg berbeda,0
ada ysng menulis bahwa waktu dia tes sbmptn dia mendaftar ke prodi yang berbeda,1
jd ada maksimal tiga jurusan yg lu pilih,0
jadi maksimal kamu memilih tiga jurusan,1
kl ga tembus satu ya jurusan yg lain,0
jika jurusan satu tidak lolos coba jurusan yang lain,1
cb aja liat skema kuliahnya,0
lihat saja skema kuliahnya,1
gua takut ga passion murni gitu,0
saya takut itu bukan bidang passion saya,1
krn gw benci baju formal,0
karena saya benci baju formal,1
trs ade gw nanya begini,0
lalu adik saya bertanya begini,1
ada bahan kimia yg mencegah itu,0
ada bahan kimia untuk mencegah itu,1
kenapa kt gabole telen permen karet,0
mengapa kita tidak boleh menelan permen karet,1
gua bredol stgh kotak permen ksret,0
saya menelan setengah kotak permen karet,1
tp gw g mati tu,0
tapi saya tidak mati,1
lupa gw dia blg apa,0
saya lupa dia bilang apa,1
trs gw diajak debat soal bahan pemanis,0
kemudian saya diajak berdebat tentang bahan pemanis,1
kenapa gula alami kek gt gbs dipake dlm industri makanan olahan,0
mengapa gula alami seperti itu tidak bisa digunakan dalam industri makanan olahan,1
kan industri butuh pemanis dlm jumla besar,0
karena industri butuh pemanis dalam jumlah besar,1
ada urusan sm saraf nnt gmn coba,0
jika ada urusan dengan saraf lalu bagaimana,1
knp catt bio lu ga dilem aja semua jd satu,0
kenapa catatan biologimu tidak dilem saja semua jadi satu,1
org yg un bio pd nguber cat gw,0
orang orang yang un biologi mencari cari catatan saya,1
lu jg gapake cttnnny kan,0
kamu juga tidak menggunakan catatannya kan,1
trus akhirnua posisinya gua yg sala,0
dan akhirnya posisinya saya yang salah,1
karna marahin yg bkin buku gua kenapa,0
karena memarahi yang membuat buku saya kenapa kenapa,1
gua ga kebayang itu gmn kalo terjadi,0
saya tidak bisa membayangkan kalau itu terjadi,1
alasan bku smp dr kls gaad yg gw buang,0
alasan buku dari smp tidak ada yang saya buang,1
gua tau lu ga butuh,0
saya tahu kamu tidak butuh,1
tp w ga percaya org ni bs jaga bku gua dg baik,0
tapi saya tidak percaya orang ini bisa menjaga buku saya dengan baik,1
untuk kasta tinggi mah kimia ato bio,0
kimia atau biologi itu untuk kasta tinggi,1
tp busugi sama gw mala dia blg jangan,0
tapi ibu sugi selalu berkata pada saya jangan,1
sukses mencegah tnp melarang,0
sukses mencegah tanpa memberi larangan,1
eh gw mw bbo ah,0
saya mau tidur,1
gw byk kerjaan hr ni,0
saya banyak kerjaan hari ini,1
notasinya atom dikasi garis atas,0
notasinya adalah atom dengan garis atas,1
buat gw materi ini lbh menarik dr radioaktivitas,0
bagi saya materi ini lebih menarik daripada radioaktivitas,1
sayangnya kim kita ga diajarin itu,0
sayangnya kita tidak diajari itu dalam kimia,1
my brain sama your brain beda level la,0
otakku dan otakmu beda level,1